uo_cod,funcao_cod,subfuncao_cod,programa_cod,acao_cod,subprojeto_subatividade_cod,iag_cod,numero_da_obra_sisor,numero_da_obra_siad,descricao_da_obra,status_da_obra,unidade_de_medida_da_obra,quantidade,alterar_unidade_de_medida_da_obra,regiao_geografica_intermediaria,municipio,vlr_tesouro_ano0,vlr_outros_ano0,vlr_tesouro_ano1,vlr_outros_ano1,vlr_tesouro_ano2,vlr_outros_ano2,vlr_tesouro_ano3,vlr_outros_ano3
1021,1,122,746,2009,1,0,1,,Projeto de viabilidade de construção de Edifício Garagem e implantação de um novo elevador.,INICIANDO,,,Não,Região Intermediária de Belo Horizonte,BELO HORIZONTE,580000,0,,,,,,
1091,3,62,714,1064,1,0,2,,Convênio 053/2022 junto à Prefeitura Municipal de Mariana para construção da sede própria,INICIANDO,,,Não,Estadual,DIVERSOS MUNICÍPIOS - ESTADUAL,0,2000000,,,,,,
1091,3,62,714,1064,1,0,3,,Convênio a ser firmado com Prefeitura para construção da sede própria.,INICIANDO,,,Não,Estadual,DIVERSOS MUNICÍPIOS - ESTADUAL,0,2500000,,,,,,
1091,3,62,714,1064,1,0,4,,Convênio 19.16.0258.0144707/2023-66 junto à Prefeitura Municipal de Passos para construção da sede própria.,INICIANDO,,,Não,Estadual,DIVERSOS MUNICÍPIOS - ESTADUAL,0,2000000,,,,,,
1091,3,62,714,1064,1,0,5,,Sedes Próprias Diversas,INICIANDO,,,Não,Estadual,DIVERSOS MUNICÍPIOS - ESTADUAL,19960975,0,,,,,,
1251,10,302,135,2060,1,0,6,12876,"Adequação da estrutura física do NAIS/9ª RPM, visando ao atendimento dos requisitos necessários à regularização junto aos órgãos de controle, especialmente à Vigilância Sanitária e à Secretaria de Saúde",INICIANDO,UNIDADE,1,Sim,Região Intermediária de Uberlândia,UBERLÂNDIA,0,60000,,,,,,
1251,10,302,135,2060,1,0,7,12882," Projeto elétrico, hidráulico, esgoto, rede, serralheria (prateleiras) e arquitetônico para reforma do CAO/CODONT; Valor estimado: R$ 197.856,73.",INICIANDO,UNIDADE,1,Sim,Região Intermediária de Belo Horizonte,BELO HORIZONTE,0,197857,,,,,,
1251,10,302,135,2060,1,0,8,12880, Projeto de reestruturação dos consultórios de roseta para linha;,INICIANDO,UNIDADE,1,Sim,Região Intermediária de Belo Horizonte,BELO HORIZONTE,0,1929103,,,,,,
1251,10,302,135,2060,1,0,9,12881,Execução das obras de reestruturação dos consultórios de roseta para linha;,INICIANDO,UNIDADE,1,Sim,Região Intermediária de Belo Horizonte,BELO HORIZONTE,0,1929103,,,,,,
1251,10,302,135,2060,1,0,10,12878,"Contratação de elaboração de estudo e projeto para adaptação do NAIS/5GRS, em atendimento às normas de vigilância sanitária para coleta de resíduos sólidos médico-hospitalares e construção de vestiários.",INICIANDO,UNIDADE,1,Sim,Região Intermediária de Governador Valadares,GOVERNADOR VALADARES,0,41022,,,,,,
1251,10,302,135,2060,1,0,11,12875,"Construlção de local adequado para o armazenamento e descarte de resíduos de serviços de saúde, sendo necessária a adequação da estrutura física para atendimento às exigências dos órgãos de controle e consequente obtenção do alvará sanitário.",INICIANDO,UNIDADE,1,Sim,Região Intermediária de Teófilo Otoni,DIAMANTINA,0,100000,,,,,,
1261,12,368,168,4519,1,1,12,,"OBRA PARA REFORÇO ESTRUTURAL, REFORMA E AMPLIAÇÃO - EE ABRE CAMPO",INICIANDO,,1,Sim,Região Intermediária de Juíz de Fora,ABRE CAMPO,380000,0,,,,,,
1261,12,368,168,4519,1,1,13,,"OBRA DE COMBATE A INCÊNDIO DE TODO O COMPLEXO E ACESSIBILIDADE NO CAMPUS GAMELEIRA - PRÉDIOS A,B,C,D (INCLUNDO MUSEU ESCOLA ANA MARIA CASASANTA PEIXOTO E MUSEU LEOPOLDO CATHOUD) E EE LEON RENAULT",INICIANDO,,1,Sim,Região Intermediária de Belo Horizonte,BELO HORIZONTE,653600,0,,,,,,
1261,12,368,168,4519,1,1,14,,"REFORMA GERAL, RESTAURAÇÃO E RECUPERAÇÃO ESTRUTURAL EE GETÚLIO VARGAS",INICIANDO,,1,Sim,Região Intermediária de Belo Horizonte,BELO HORIZONTE,332120,0,,,,,,
1261,12,368,168,4519,1,1,15,,OBRA PARA RESTAURAÇÃO DO PRÉDIO EE JOSÉ BONIFÁCIO,INICIANDO,,1,Sim,Região Intermediária de Belo Horizonte,BELO HORIZONTE,1033600,0,,,,,,
1261,12,368,168,4519,1,1,16,,PROJETOS EXECUTIVOS PARA REFORMA E RESTAURAÇÃO EE OLEGÁRIO MACIEL,INICIANDO,,1,Sim,Região Intermediária de Belo Horizonte,BELO HORIZONTE,59660,0,,,,,,
1261,12,368,168,4519,1,1,17,,OBRA PARA REFORMA E RESTAURAÇÃO EE OLEGÁRIO MACIEL,INICIANDO,,1,Sim,Região Intermediária de Belo Horizonte,BELO HORIZONTE,83600,0,,,,,,
1261,12,368,168,4519,1,1,18,,OBRAS DE REFORMA GERAL EE PROF CAETANO AZEREDO,INICIANDO,,1,Sim,Região Intermediária de Belo Horizonte,BELO HORIZONTE,805600,0,,,,,,
1261,12,368,168,4519,1,1,19,,"OBRA PARA REGULARIZAÇÃO DO PROCESSO DE SEGURANÇA CONTRA INCÊNDIO E PÂNICO (PSCIP), ADEQUAÇÃO À ACESSIBILIDADE EE PEDRO II",INICIANDO,,1,Sim,Região Intermediária de Belo Horizonte,BELO HORIZONTE,387600,0,,,,,,
1261,12,368,168,4519,1,1,20,,OBRA PARA REFORMA E RESTAURAÇÃO (SOLUÇÃO DE PROBLEMAS ESTRUTURAIS) EE SANDOVAL AZEVEDO,INICIANDO,,1,Sim,Região Intermediária de Belo Horizonte,BELO HORIZONTE,251560,0,,,,,,
1261,12,368,168,4519,1,1,21,,"OBRA DE REFORMA GERAL/RESTAURAÇÃO (MENOS TELHADO DA CASA MODELO, MURO DE ARRIMO) EE SÃO RAFAEL",INICIANDO,,1,Sim,Região Intermediária de Belo Horizonte,BELO HORIZONTE,2121920,0,,,,,,
1261,12,368,168,4519,1,1,22,,OBRA DE REFORMA - ESTRUTURA ESCOLA GUIGNARD UEMG,INICIANDO,,1,Sim,Região Intermediária de Belo Horizonte,BELO HORIZONTE,1929640,0,,,,,,
1261,12,368,168,4519,1,1,23,,OBRAS DE REFORMA E RESTAURAÇÃO DOS PRÉDIOS INSTITUTO DE EDUCAÇÃO DE MINAS GERAIS - IEMG,EXECUÇÃO,,1,Sim,Região Intermediária de Belo Horizonte,BELO HORIZONTE,3040000,0,,,,,,
1261,12,368,168,4519,1,1,24,,"OBRA PARA REFORMA, DO PRÉDIO DO ANTIGO AUDITÓRIO DO CAMPUS DA SEE-  GAMELEIRA, PARA ABRIGAR A NOVA SEDE DA SRE MET B - SEDE DA SRE MET B - AUDITÓRIO GAMELEIRA",INICIANDO,,1,Sim,Região Intermediária de Belo Horizonte,BELO HORIZONTE,3025160,0,,,,,,
1261,12,368,168,4519,1,1,25,,OBRA  PARA REFORMA/RESTAURAÇÃO EE SÃO JOAQUIM,INICIANDO,,1,Sim,Região Intermediária de Belo Horizonte,CONCEIÇÃO DO MATO DENTRO,2105200,0,,,,,,
1261,12,368,168,4519,1,1,26,,"OBRA DE ESTRUTURA E OUTRAS, EM PRÉDIO TOMBADO",EXECUÇÃO,,1,Sim,Região Intermediária de Belo Horizonte,CORDISBURGO,260300,0,,,,,,
1261,12,368,168,4519,1,1,27,,OBRA PARA REFORMA E SOLUÇÃO DE PROBLEMAS ESTRUTURAIS EE ODILON BEHRENS,INICIANDO,,1,Sim,Região Intermediária de Governador Valadares,GUANHÃES,1705060,0,,,,,,
1261,12,368,168,4519,1,1,28,, OBRA PARA SOLUÇÃO DE DESLIZAMENTO DE TERRA DE PARTE DO TALUDE E A RUPTURA DE PARTE DO MURO DIVISÓRIO INTERNO EE SELIM JOSÉ DE SALES,INICIANDO,,1,Sim,Região Intermediária de Ipatinga,IPATINGA,190000,0,,,,,,
1261,12,368,168,4519,1,1,29,,OBRAS PARA RESTAURAÇÃO DO PRÉDIO EE WENCESLAU BRAZ,INICIANDO,,1,Sim,Região Intermediária de Pouso Alegre,ITAJUBÁ,2420600,0,,,,,,
1261,12,368,168,4519,1,1,30,,OBRA PARA REFORMA E CONTENÇÃO E ESTABILIDADE DE TALUDE E DO PRÉDIO EE SÃO JOSÉ,INICIANDO,,1,Sim,Região Intermediária de Juíz de Fora,ALÉM PARAÍBA,691600,0,,,,,,
1261,12,368,168,4519,1,1,31,,OBRA PARA RESTAURAÇÃO DO PRÉDIO EE RAUL SOARES,INICIANDO,,1,Sim,Região Intermediária de Uberlândia,ARAGUARI,380000,0,,,,,,
1261,12,368,168,4519,1,1,32,,OBRA PARA REFORMA GERAL E RESTAURAÇÃO EE AFONSO PENA,EXECUÇÃO,,1,Sim,Região Intermediária de Belo Horizonte,BELO HORIZONTE,1194340,0,,,,,,
1261,12,368,168,4519,1,1,33,,"REFORMA GERAL, RESTAURAÇÃO E RECUPERAÇÃO ESTRUTURAL EE FRANCISCO SALES",INICIANDO,,1,Sim,Região Intermediária de Belo Horizonte,BELO HORIZONTE,407740,0,,,,,,
1261,12,368,168,4519,1,1,34,,OBRA PARA REFORMA E RESTAURAÇÃO COMPLEMENTARES - UNIDADE I EE GOV MILTON CAMPOS,INICIANDO,,1,Sim,Região Intermediária de Belo Horizonte,BELO HORIZONTE,1102000,0,,,,,,
1261,12,368,168,4519,1,1,35,,OBRA PARA TALUDE E MURO EE PROFA MARIA AMÉLIA GUIMARÃES,INICIANDO,,1,Sim,Região Intermediária de Belo Horizonte,BELO HORIZONTE,190000,0,,,,,,
1261,12,368,168,4519,1,1,36,,"RESTAURAÇÃO, CONSERVAÇÃO E PRESERVAÇÃO ANTIGA ESCOLA DE APRENDIZES MARINHEIROS E CASA DO COMANDANTE - FUCAM (EE PROFESSORA MARIETA AMORIM VIEIRA)",INICIANDO,,1,Sim,Região Intermediária de Montes Claros,BURITIZEIRO,235600,0,,,,,,
1261,12,368,168,4519,1,1,37,,"OBRA - PROBLEMAS ESTRUTURAIS, ALÉM DE REFORMA E AMPLIAÇÃO DO PRÉDIO EE DR LAURO CORREA DO AMARAL",INICIANDO,,1,Sim,Região Intermediária de Varginha,GUAPÉ,387600,0,,,,,,
1261,12,368,168,4519,1,1,38,,CONCLUSÃO DA OBRA DE CONTENÇÃO DE TALUDE E RECUPERAÇÕES NA CONSTRUÇÃO EE ANTÔNIO MARINHO CAMPOS,INICIANDO,,1,Sim,Região Intermediária de Belo Horizonte,IBIRITÉ,361760,0,,,,,,
1261,12,368,168,4519,1,1,39,,"OBRA DE CONTENÇÃO, REFORMA E REFORÇO ESTRUTURAL DO PRÉDIO EE ANTÔNIO PAPINI",INICIANDO,,1,Sim,Região Intermediária de Ipatinga,JOÃO MONLEVADE,218500,0,,,,,,
1261,12,368,168,4519,1,1,40,,OBRA PARA REFORMA/RESTAURAÇÃO E  REPAROS ESTRUTURAIS EE DUQUE DE CAXIAS,INICIANDO,,1,Sim,Região Intermediária de Juíz de Fora,JUIZ DE FORA,1976000,0,,,,,,
1261,12,368,168,4519,1,1,41,,OBRA DE CONSTRUÇÃO DA SEDESEDE DA SRE DE MONTES CLAROS,INICIANDO,,1,Sim,Região Intermediária de Montes Claros,MONTES CLAROS,805600,0,,,,,,
1261,12,368,168,4519,1,1,42,,OBRAS DE CONTENÇÃO EE AUGUSTO DE LIMA,INICIANDO,,1,Sim,Região Intermediária de Belo Horizonte,NOVA LIMA,760000,0,,,,,,
1261,12,368,168,4519,1,1,43,,"OBRA PARA SOLUÇÃO DE PROBLEMAS  ESTRUTURAIS NO EDIFÍCIO, INCLUINDO INFILTRAÇÃO NAS PAREDES, DETERIORAÇÃO DO GUARDA-CORPO NA FACHADA, ABATIMENTO NO PISO, ASSOALHO DANIFICADO E INCLINAÇÃO DA FACHADA.EE PROFESSOR PINHEIRO CAMPOS",INICIANDO,,1,Sim,Região Intermediária de Divinópolis,OLIVEIRA,653600,0,,,,,,
1261,12,368,168,4519,1,1,44,,REFORMA GERAL E RESTAURAÇÃO EE DOM PEDRO II,EXECUÇÃO,,1,Sim,Região Intermediária de Belo Horizonte,OURO PRETO,1204600,0,,,,,,
1261,12,368,168,4519,1,1,45,,OBRA PARA RESTAURAÇÃO EE PROFESSOR ANTÔNIO DIAS MACIEL,INICIANDO,,1,Sim,Região Intermediária de Patos de Minas,PATOS DE MINAS,1927740,0,,,,,,
1261,12,368,168,4519,1,1,46,,OBRA RESTAURAÇÃO INSTITUTO DE EDUCAÇÃO DE JUIZ DE FORA,INICIANDO,,1,Sim,Região Intermediária de Juíz de Fora,JUIZ DE FORA,653600,0,,,,,,
1261,12,368,168,4519,1,1,47,,OBRA - PROBLEMAS REFERENTES À CONTENÇÃO DE TALUDE E DRENAGEM PLUVIALEE HENRIQUE BURNIER,INICIANDO,,1,Sim,Região Intermediária de Juíz de Fora,JUIZ DE FORA,19000,0,,,,,,
1261,12,368,168,4519,1,1,48,,OBRA - PROBLEMAS REFERENTES À CONTENÇÃO DE TALUDE E DRENAGEM PLUVIALEE BATISTA DE OLIVEIRA,INICIANDO,,1,Sim,Região Intermediária de Juíz de Fora,JUIZ DE FORA,19000,0,,,,,,
1261,12,368,168,4519,1,1,49,,"OBRA REFORMA, RESTAURAÇÃO E AMPLIAÇÃOEE ANA ROCHA (PREDIO EE FREI LEOPOLDO)",INICIANDO,,1,Sim,Região Intermediária de Patos de Minas,MATUTINA,1318600,0,,,,,,
1261,12,368,168,4519,1,1,50,,"OBRA PARA REFORMA DA EDIFICAÇÃO E EXECUÇÃO DAS OBRAS DE ESTABILIZAÇÃO DE TALUDE, REFORÇO DA CONTENÇÃO E CONSTRUÇÃO DE NOVO MURO DE DIVISA EE JULIETA DE OLIVEIRA MACEDO",EXECUÇÃO,,1,Sim,Região Intermediária de Juíz de Fora,MURIAÉ,653600,0,,,,,,
1261,12,368,168,4519,1,1,51,,CONSTRUÇÃO DE PRÉDIO DA SEDE DA SRE DE MURIAÉ,INICIANDO,,1,Sim,Região Intermediária de Juíz de Fora,MURIAÉ,19000,0,,,,,,
1261,12,368,168,4519,1,1,52,,OBRA DE REFORMA SEDE DA SRE DE NOVA ERA,INICIANDO,,1,Sim,Região Intermediária de Ipatinga,NOVA ERA,19000,0,,,,,,
1261,12,368,168,4519,1,1,53,,OBRAS PARA PROBLEMAS ESTRUTURAIS NO AUDITÓRIO (ESTRUTURA PISO E TELHADO) - REFORMA GERAL E RESTAURAÇÃO - PRÉDIO TOMBADOEE FRANCISCO FERNANDES,INICIANDO,,1,Sim,Região Intermediária de Divinópolis,OLIVEIRA,760000,0,,,,,,
1261,12,368,168,4519,1,1,54,,OBRA PARA REFORMA GERAL / RESTAURAÇÃO EE CONSELHEIRO AFONSO PENA ,INICIANDO,,1,Sim,Região Intermediária de Belo Horizonte,PARAOPEBA,19000,0,,,,,,
1261,12,368,168,4519,1,1,55,,OBRA PARA RESTAURAÇÃOEE DOM LUSTOSA,INICIANDO,,1,Sim,Região Intermediária de Patos de Minas,PATROCÍNIO,19000,0,,,,,,
1261,12,368,168,4519,1,1,56,,OBRA DE RESTAURAÇÃOSEDE DA SRE DE PATROCÍNIO,INICIANDO,,1,Sim,Região Intermediária de Patos de Minas,PATROCÍNIO,19000,0,,,,,,
1261,12,368,168,4519,1,1,57,,OBRA PARA REFORMA E RESTAURAÇÃO DO PRÉDIOEE FRANCISCA BOTELHO,INICIANDO,,1,Sim,Região Intermediária de Divinópolis,PITANGUI,434720,0,,,,,,
1261,12,368,168,4519,1,1,58,,OBRA  DE REFORMA E RESTAURAÇÃOCESEC TANCREDO NEVES (PRÉDIO OCUPADO ANTERIORMENTE PELA EE FARNESE MACIEL ),INICIANDO,,1,Sim,Região Intermediária de Patos de Minas,PRESIDENTE OLEGÁRIO,221160,0,,,,,,
1261,12,368,168,4519,1,1,59,,CONCLUSÃO DA OBRA DE REFORMA E RESTAURAÇÃO EE JOAO DOS SANTOS,INICIANDO,,1,Sim,Região Intermediária de Barbacena,SÃO JOÃO DEL REI,1748000,0,,,,,,
1261,12,368,168,4519,1,1,60,,OBRA PARA SOLUÇÃO DE PROBLEMAS ESTRUTURAISSEDE DA SRE DE SETE LAGOAS,INICIANDO,,1,Sim,Região Intermediária de Belo Horizonte,SETE LAGOAS,479560,0,,,,,,
1261,12,368,168,4519,1,1,61,,OBRA PARA REPAROS ESTRUTURAIS (EXECUÇÃO DO REFORÇO DE FUNDAÇÃO E SERVIÇOS CORRELATOS) - 1A ETAPAEE DEPUTADO CARLOS PEIXOTO FILHO,INICIANDO,,1,Sim,Região Intermediária de Juíz de Fora,UBÁ,228000,0,,,,,,
1261,12,368,168,4519,1,1,62,,CONSTRUÇÃO DE ESCOLA - 16 SALAS DE AULA (NO BAIRRO JARDIM CÉLIA)EE 13 DE MAIO,EXECUÇÃO,,1,Sim,Região Intermediária de Uberlândia,UBERLÂNDIA,2552080,0,,,,,,
1261,12,368,168,4519,1,1,63,,REFORMA / REFORÇO ESTRUTURALEE CORAÇÃO DE JESUS,INICIANDO,,1,Sim,Região Intermediária de Varginha,VARGINHA,1386240,0,,,,,,
1261,12,368,168,4519,1,1,64,,OBRA PARA REFORMA/RESTAURAÇÃO EE BRASIL,INICIANDO,,1,Sim,Região Intermediária de Varginha,VARGINHA,1900000,0,,,,,,
1261,12,368,168,4519,1,1,65,,OBRA DE REFORMA E RESTAURAÇÃOEE DR. JOÃO PINHEIRO,INICIANDO,,1,Sim,Região Intermediária de Varginha,SÃO GONÇALO DO SAPUCAÍ,1008140,0,,,,,,
1261,12,368,168,4519,1,1,66,,"OBRAS PARA MURO DE ARRIMO E DRENAGEM, ALÉM DE REFORMA/RESTAURAÇÃO EE MINISTRO EDMUNDO LINS",INICIANDO,,1,Sim,Região Intermediária de Teófilo Otoni,SERRO,380000,0,,,,,,
1261,12,368,168,4519,1,1,67,,OBRA PARA REFORMA E RESTAURAÇÃOEE DR. ARTHUR BERNARDES,INICIANDO,,1,Sim,Região Intermediária de Belo Horizonte,SETE LAGOAS,228000,0,,,,,,
1261,12,368,168,4519,1,1,68,,OBRA PARA SOLUÇÃO DE PROBLEMAS ESTRUTURAISEE HAYDÉE DE SOUZA ABREU,INICIANDO,,1,Sim,Região Intermediária de Ipatinga,TIMÓTEO,539600,0,,,,,,
1261,12,368,168,4519,1,1,69,,"OBRA - MANUTENÇÃO E REVISÃO COMPLETA DAS COBERTURAS; PINTURA EXTERNA E INTERNA; RESTAURO DE ESQUADRIAS;  REVISÃO DE TODA A REDE ELÉTRICA; RESTAURO DA PINTURA ARTÍSTICA DO RODATETO E PROSPECÇÃO EXPLORATÓRIA NO HALL DE ENTRADA, VISANDO AVALIAR A EXISTÊ",INICIANDO,,1,Sim,Região Intermediária de Uberlândia,UBERLÂNDIA,19000,0,,,,,,
1261,12,368,168,4519,1,1,70,,OBRA PARA RESTAURAÇÃO EE AFONSO PENA,EXECUÇÃO,,1,Sim,Região Intermediária de Varginha,VARGINHA,2074800,0,,,,,,
1301,15,451,81,1037,1,0,71,12404,"DC-018/2023-Execução das serviço de Aumento de capacidade e Recuperação de Rodovia (aumento de capacidade) no trecho Três Pontas - Varginhas (Estaca 80 a 610), com 10,60 km de extensão, na Rodovia MG-167",EXECUÇÃO,,,Não,Região Intermediária de Varginha,TRÊS PONTAS,0,799746,,,,,,
1301,15,451,81,1037,1,0,72,12780,"Execução das obras de Implantação de Passarela na Rodovia MG-010, Km 15+850, trecho Belo Horizonte - Lagoa Santa (Cidade Administrativa), extensão de 312,00 m",EXECUÇÃO,,,Não,Região Intermediária de Belo Horizonte,BELO HORIZONTE,0,4982364,,,,,,
1301,15,451,81,1037,1,0,73,10397,"PRC-22.021/18 -Melhoramento e pavimentação no trecho Ibertioga  Piedade do Rio Grande, na Rodovia MG/338, extensão de 13,25km",EXECUÇÃO,,,Não,Região Intermediária de Barbacena,IBERTIOGA,0,27418375,,,,,,
1301,15,451,81,1037,1,0,74,12850,"Melhoramento e pavimentação do trecho de Jaboticatubas - Lagoa Santa, em rodovia Municipal.",EXECUÇÃO,,,Não,Região Intermediária de Belo Horizonte,JABOTICATUBAS,0,27098047,,,,,,
1301,15,451,81,1037,1,0,75,12634,Melhoramento e pavimentação do Trecho Itapagipe - Entrº 364 (Campina Verde) MGC 154 - LOTE 01,EXECUÇÃO,,,Não,Região Intermediária de Uberaba,ITAPAGIPE,0,31434490,,,,,,
1301,15,451,81,1037,1,0,76,12785,"Execução da Obra de Engenharia de Melhoramento e pavimentação da Interseção de acesso ao Presídio de Iturama, na via Municipal, com extensão de 2,000 km.",EXECUÇÃO,,,Não,Região Intermediária de Uberaba,ITURAMA,0,3483710,,,,,,
1301,15,451,81,1037,1,0,77,12824,"Melhoramento e Pavimentação em Rodovia de Ligação no trecho Entrº LMG-690 (Paracatu) - Entrº Entre Ribeiros - Lote 1 - Segmento 1 (0 a 835), extensão: 16,700 km e Segmento 2 (835 a 1250), extensão 8,300 km.",EXECUÇÃO,,,Não,Região Intermediária de Patos de Minas,PARACATU,0,29243400,,,,,,
1301,15,451,81,1037,1,0,78,4716,"Entr. BR/365-Entr. LMG/782 (p/ Iraí de Minas), Monte Carmelo-Chapada de Minas e Pindaibas-Ent.BR/365",EXECUÇÃO,,,Não,Região Intermediária de Uberlândia,MONTE CARMELO,0,22720820,,,,,,
1301,15,451,81,1037,1,0,79,,Recapeamento de vias / pavimentação de trecho rodoviário / pavimentação e obra de arte especial no trecho viário; para melhoria da infraestrutura viária do Estado de Minas Gerais (8 propostas de novos convênios),INICIANDO,,,Não,Estadual,DIVERSOS MUNICÍPIOS - ESTADUAL,0,11755000,,,,,,
1301,15,451,99,1038,1,0,80,11140,CONSTRUÇÃO DE 64 UNIDADES HABITACIONAIS PAC FNHIS ,EXECUÇÃO,,,Não,Região Intermediária de Belo Horizonte,CONTAGEM,0,5109453,,,,,,
1301,15,451,99,1038,1,0,81,11531,REQUALIFICAÇÃO URBANA E AMBIENTAL DO RIBEIRÃO ARRUDAS - FNHIS/2009 - Continuidade da execução do PTTS (Programa de Trabalho Técnico-Social),EXECUÇÃO,,,Não,Região Intermediária de Belo Horizonte,CONTAGEM,0,222899,,,,,,
1301,15,451,99,4262,1,0,82,,"Aquisição de materiais para obras - mata-burros, vigas metálicas e bueiros metálicos",EXECUÇÃO,,,Não,Estadual,DIVERSOS MUNICÍPIOS - ESTADUAL,10932874,0,,,,,,
1301,26,453,117,4290,1,0,83,12510, tratamento viário para implantação de sistema BRS em dois corredores de importância metropolitana na Região Metropolitana de Belo Horizonte (RMBH),EXECUÇÃO,,,Não,Região Intermediária de Belo Horizonte,BELO HORIZONTE,0,40000000,,,,,,
1301,26,453,117,4290,1,0,84,,Pagamento reajuste previsão INCC - Contrato de repasse 970648 (PAC MOBILIDADE - Obra Av Brasília),INICIANDO,,,Não,Região Intermediária de Belo Horizonte,BELO HORIZONTE,478579,0,,,,,,
1301,26,453,117,4290,1,0,85,,Pagamento reajuste previsão INCC - Contrato de repasse 970648 (PAC MOBILIDADE - Obra Av Civilização/Vilarinho),INICIANDO,,,Não,Região Intermediária de Belo Horizonte,BELO HORIZONTE,2246479,0,,,,,,
1301,26,453,117,4290,1,0,86,,Pagamento reajuste previsão INCC - Contrato de repasse 970648 (PAC MOBILIDADE -  Obras Estações  BRT MG10),INICIANDO,,,Não,Região Intermediária de Belo Horizonte,BELO HORIZONTE,156926,0,,,,,,
1301,15,451,139,1036,1,0,87,12453,LOTE 1 EXECUCAO DAS OBRAS DE ESTABILIZACAO E CONTENCAO DE ENCOSTAS EM AREAS URBANAS EM ALEM PARAIBA,EXECUÇÃO,,,Não,Região Intermediária de Juíz de Fora,ALÉM PARAÍBA,0,539924,,,,,,
1301,15,451,139,1036,1,0,88,12454,LOTE  2 -  EXECUCAO DAS OBRAS DE ESTABILIZACAO E CONTENCAO DE ENCOSTAS EM AREAS URBANAS EM MURIAE,EXECUÇÃO,,,Não,Região Intermediária de Juíz de Fora,MURIAÉ,0,15337533,,,,,,
1301,15,451,139,1036,1,0,89,11521,"Obras de contenção de encostas em Sabará - Intervenção em setores de risco alto e muito alto, no âmbito do Programa PAC Gestão de Riscos e Resposta a Desastres.",EXECUÇÃO,,,Não,Região Intermediária de Belo Horizonte,SABARÁ,0,1440021,,,,,,
1301,15,451,139,1036,1,0,90,11519,"Obras de contenção de encostas em João Monlevade - Intervenção em setores de risco alto e muito alto, no âmbito do Programa PAC Gestão de Riscos e Resposta a Desastres.",EXECUÇÃO,,,Não,Região Intermediária de Ipatinga,JOÃO MONLEVADE,0,6942767,,,,,,
1301,15,451,139,1036,1,0,91,11512,"bras de contenção de encostas em Timóteo - Intervenção em setores de risco alto e muito alto, no âmbito do Programa PAC Gestão de Riscos e Respostas a Desastres.",INICIANDO,,,Não,Região Intermediária de Ipatinga,TIMÓTEO,0,14686005,,,,,,
1301,15,451,139,1036,1,0,92,11514,"Obras de Contenção de encostas em Ouro Preto - Intervenção em setores de risco alto e muito alto, no ambito do programa PAC gestão de riscos e resposta a desastres.",EXECUÇÃO,,,Não,Região Intermediária de Belo Horizonte,OURO PRETO,0,52160376,,,,,,
1301,15,451,139,1036,1,0,93,11511,"Obras de Contenção de encostas em Manhumirim, Lajinha, Ervália,Sabinópolis e Diogo de Vasconcelos - Intervenção em setores de risco alto e muito alto. No ambito do Programa PAC gestão de riscos e proposta a desastres.",EXECUÇÃO,,,Não,Estadual,DIVERSOS MUNICÍPIOS - ESTADUAL,0,20521500,,,,,,
1301,15,451,139,1036,1,0,94,11520,"Obras de contenção de encostas em Santa Luzia - Intervenção em setores de risco alto e muito alto, no âmbito do Programa PAC Gestão de Riscos e Resposta a Desastres.",EXECUÇÃO,,,Não,Região Intermediária de Belo Horizonte,SANTA LUZIA,0,6952445,,,,,,
1301,15,451,139,1036,1,0,95,11513,"Obras de Contenção de encostas em Ewbank da Câmara, Matias Barbosa e Visconde do Rio Branco - Intervenção em setores de risco alto e muito alto, no ambito do programa PAC gestão de riscos e proposta a desastre.",EXECUÇÃO,,,Não,Estadual,DIVERSOS MUNICÍPIOS - ESTADUAL,0,12959175,,,,,,
1301,15,451,139,1036,1,0,96,11977,"Execução de Obras de Contenção de Encostas em Cataguases/MG - Intervenção em setores de risco alto e muito alto, no âmbito do programa PAC Gestão de Riscos e Resposta a Desastres.",EXECUÇÃO,,,Não,Região Intermediária de Juíz de Fora,CATAGUASES,0,38244490,,,,,,
1301,15,451,139,1036,1,0,97,11162,OBRAS DE ESTABILIZAÇÃO E CONTENÇÃO DE ENCOSTAS E DESLIZAMENTOS EM ÁREAS URBANAS,EXECUÇÃO,,,Não,Estadual,DIVERSOS MUNICÍPIOS - ESTADUAL,9858067,0,,,,,,
1301,15,451,139,1039,1,0,98,12699,SERVIÇOS TÉCNICOS ESPECIALIZADOS PARA A CONCLUSÃO DA IMPLEMENTAÇÃO DO PTTS  PROJETO DE TRABALHO TÉCNICO SOCIAL- PROGRAMA DE REQUALIFICAÇÃO URBANA E AMBIENTAL E CONTROLE DE CHEIAS DO CÓRREGO FERRUGEM,EXECUÇÃO,,,Não,Região Intermediária de Belo Horizonte,CONTAGEM,0,299895,,,,,,
1301,15,451,139,1039,1,0,99,11536,Construção de 192 unidades habitacionais referente a 2ª etapa da Requalificação urbana e ambiental do Córrego Ferrugem,EXECUÇÃO,,,Não,Região Intermediária de Belo Horizonte,CONTAGEM,0,4565604,,,,,,
1301,15,451,139,1041,1,0,100,11855,REMANESCENTE DAS OBRAS DE INFRAESTRUTURA PARA A CONCLUSAO DAS BACIAS DO CONTROLE DE CHEIAS DO CORREGO RIACHO DAS PEDRAS.,EXECUÇÃO,,,Não,Região Intermediária de Belo Horizonte,CONTAGEM,0,9015115,,,,,,
1301,15,451,139,1041,1,0,101,11973,"execução do Plano de Trabalho Técnico-Social - PTTS, que é uma exigência do contrato de financiamento PAC RIACHO",EXECUÇÃO,,,Não,Região Intermediária de Belo Horizonte,CONTAGEM,0,193263,,,,,,
1371,17,511,101,4118,1,0,102,,Programa Água Doce - RIMC,INICIANDO,,,Não,Região Intermediária de Montes Claros,DIVERSOS MUNICÍPIOS - REGIÃO INTERMEDIÁRIA DE MONTES CLAROS,0,4547000,,,,,,
1371,17,511,101,4118,1,0,103,,Programa Água Doce - RITO,INICIANDO,,,Não,Região Intermediária de Teófilo Otoni,DIVERSOS MUNICÍPIOS - REGIÃO INTERMEDIÁRIA DE TEÓFILO OTONI,0,4547000,,,,,,
1451,6,421,130,1048,1,1,104,,Construção de uma unidade prisional de segurança média com aproximadamente 800 (oitocentas) vagas.,PARALISADO,,,Não,Estadual,DIVERSOS MUNICÍPIOS - ESTADUAL,0,45212295,,,,,,
1451,6,243,146,4441,1,1,105,,Construção e implementação de modelos alternativos de prestação da Medida Socioeducativa de Privação de Liberdade no Estado de Minas Gerais.,PARALISADO,,,Não,Região Intermediária de Belo Horizonte,BELO HORIZONTE,0,6999284,,,,,,
1451,6,243,146,4441,1,1,106,,Construção e implementação de modelos alternativos de prestação da Medida Socioeducativa de Privação de Liberdade no Estado de Minas Gerais.,PARALISADO,,,Não,Região Intermediária de Belo Horizonte,BETIM,0,651694,,,,,,
1451,6,243,146,4441,1,1,107,,Construção e implementação de modelos alternativos de prestação da Medida Socioeducativa de Privação de Liberdade no Estado de Minas Gerais.,PARALISADO,,,Não,Região Intermediária de Varginha,ALFENAS,0,651694,,,,,,
1451,6,243,146,4441,1,1,108,,Construção e implementação de modelos alternativos de prestação da Medida Socioeducativa de Privação de Liberdade no Estado de Minas Gerais.,PARALISADO,,,Não,Região Intermediária de Belo Horizonte,CONTAGEM,0,1472757,,,,,,
1451,6,243,146,4441,1,1,109,,Construção e implementação de modelos alternativos de prestação da Medida Socioeducativa de Privação de Liberdade no Estado de Minas Gerais.,PARALISADO,,,Não,Região Intermediária de Uberaba,ARAXÁ,0,651694,,,,,,
1451,6,243,146,4441,1,1,110,,Construção e implementação de modelos alternativos de prestação da Medida Socioeducativa de Privação de Liberdade no Estado de Minas Gerais.,PARALISADO,,,Não,Estadual,DIVERSOS MUNICÍPIOS - ESTADUAL,0,18572878,,,,,,
1501,4,122,147,4476,1,0,111,,REDIMENSIONAMENTO DE REDE ELÉTRICA (NRPMSO`S) - Garantir a segurança elétrica para implementação de novos equipamentos,INICIANDO,,,Não,Região Intermediária de Belo Horizonte,BELO HORIZONTE,270000,0,,,,,,
1501,4,122,156,4465,1,0,112,,Construção de um abrigo de Resíduos Sólidos e guaritas de segurança externa na CAMG,INICIANDO,,,Não,Região Intermediária de Belo Horizonte,BELO HORIZONTE,1100000,0,,,,,,
1501,4,122,156,4465,1,0,113,,Execução do projeto de reutilização da água da purga ,INICIANDO,,,Não,Região Intermediária de Belo Horizonte,BELO HORIZONTE,624000,0,,,,,,
1501,4,122,156,4465,1,0,114,,Projeto de modernização da alimentação elétrica emergencial dos elevadores,INICIANDO,,,Não,Região Intermediária de Belo Horizonte,BELO HORIZONTE,210000,0,,,,,,
1501,4,122,156,4465,1,0,115,,Programa de monitoramento e responsabilidade técnica das barragens da Cidade Administrativa,INICIANDO,,,Não,Região Intermediária de Belo Horizonte,BELO HORIZONTE,150000,0,,,,,,
1501,4,122,156,4465,1,0,116,,Impermeabilização das coberturas do prédio Alterosa e reforço estrutural do estacionamento do Alterosas,INICIANDO,,,Não,Região Intermediária de Belo Horizonte,BELO HORIZONTE,3918408,0,,,,,,
1501,4,122,705,2500,1,0,117,,Projeto AVCB para o antigo prédio do IOF na av. Augusto de Lima,INICIANDO,UNIDADE,1,Sim,Região Intermediária de Belo Horizonte,BELO HORIZONTE,282000,0,,,,,,
1511,6,181,32,1006,1,0,118,,1ª Fase da Execução da Obra de Reformas e Adaptações da Antiga Cadeia Pública de Teofilo Otoni onde será instalada a Nova Delegacia Especializada no Atendimento a Mulher da DRPC de Teofilo Otoni. ,INICIANDO,,,Não,Estadual,DIVERSOS MUNICÍPIOS - ESTADUAL,0,1000000,,,,,,
1511,6,181,32,4063,1,0,119,,Construção do Complexo que irá abrigar o Núcleo Integrado de Perícias,INICIANDO,,,Não,Região Intermediária de Belo Horizonte,DIVERSOS MUNICÍPIOS - REGIÃO INTERMEDIÁRIA DE BELO HORIZONTE,0,20000000,,,,,,
1541,10,122,705,2500,1,0,120,,REFORMA DA ESCOLA DE SAÚDE PÚBLICA DO MUNICÍPIO DE BELO HORIZONTE,EXECUÇÃO,,,Não,Região Intermediária de Belo Horizonte,BELO HORIZONTE,2896100,0,,,,,,
2011,10,302,88,4231,1,0,121,12871,EXECUCAO DE OBRAS POR CONTRATO DE BENS PATRIMONIAVEIS adequação do HGIP para obtenção do AVCB                       ,INICIANDO,,,Não,Região Intermediária de Belo Horizonte,BELO HORIZONTE,0,2000000,,,,,,
2011,10,302,88,4231,1,0,122,9999,Reforma da Endoscopia - HGIP ,INICIANDO,,,Não,Região Intermediária de Belo Horizonte,BELO HORIZONTE,0,1600000,,,,,,
2011,10,122,705,2500,1,0,123,12690,"Apoio à GELENG, no atendimento às demandas de serviços de reforma e manutenção nas unidades.",INICIANDO,,,Não,Região Intermediária de Belo Horizonte,BELO HORIZONTE,0,2200000,,,,,,
2101,18,541,31,4058,1,0,124,,Construção do Cetras de Governador Valadares,INICIANDO,UNIDADE,1,Sim,Estadual,DIVERSOS MUNICÍPIOS - ESTADUAL,0,350000,,,,,,
2101,18,541,31,4059,1,0,125,,APA Parque Cataguás,INICIANDO,UNIDADE,1,Sim,Estadual,DIVERSOS MUNICÍPIOS - ESTADUAL,0,1000000,,,,,,
2151,12,572,75,1023,1,0,126,,"CONTRATAÇÃO DE EMPRESA ESPECIALIZADA PARA ELABORAÇÃO DE ESTUDOS TÉCNICOS, LEVANTAMENTOS TOPOGRÁFICOS, SONDAGENS, ESTUDOS AMBIENTAIS, PROJETOS DE ARQUITETURA E ENGENHARIA, ORÇAMENTOS, MEMORIAIS DESCRITIVOS E AFINS",INICIANDO,,,Não,Região Intermediária de Belo Horizonte,IBIRITÉ,200000,0,,,,,,
2151,12,122,705,2500,1,0,127,,"CONTRATAÇÃO DO CONSÓRCIO PGM / SINAURB CIDERSU (PGM CONSTRUÇÕES E EMPREENDIMENTOS LTDA E SINAURB SERVIÇOS E EMPREENDIMENTOS LTDA) PRESTAÇÃO DE SERVIÇOS COMUNS E CONTÍNUOS DE ENGENHARIA, SOB DEMANDA, DESTINADOS À MANUTENÇÃO PREDIAL, CONSERVAÇÃO E EXEC",INICIANDO,,,Não,Região Intermediária de Belo Horizonte,IBIRITÉ,1500000,0,,,,,,
2161,12,242,5,1030,1,0,128,,Projeto para melhoria de acessibilidade nas unidades da FUCAM,PARALISADO,,,Não,Região Intermediária de Montes Claros,DIVERSOS MUNICÍPIOS - REGIÃO INTERMEDIÁRIA DE MONTES CLAROS,14000,0,,,,,,
2161,12,242,5,1030,1,0,129,,Projeto para melhoria de acessibilidade nas unidades da FUCAM,PARALISADO,,,Não,Região Intermediária de Patos de Minas,DIVERSOS MUNICÍPIOS - REGIÃO INTERMEDIÁRIA DE PATOS DE MINAS,3000,0,,,,,,
2161,12,242,5,1030,1,0,130,,Projeto para melhoria de acessibilidade nas unidades da FUCAM,PARALISADO,,,Não,Região Intermediária de Belo Horizonte,ESMERALDAS,3000,0,,,,,,
2261,10,303,154,4460,1,0,131,12502,Execução de Obras da nova sede da Divisão de Controle de Qualidade.,INICIANDO,,,Não,Região Intermediária de Belo Horizonte,BELO HORIZONTE,500000,0,,,,,,
2261,10,122,705,2500,1,0,132,12500,Novo Prédio Administrativo da FUNED em Steel Frame (Unidade IV),INICIANDO,,,Não,Região Intermediária de Belo Horizonte,BELO HORIZONTE,10535000,0,,,,,,
2261,10,122,705,2500,1,0,133,,Obras de adequação estrutural do refeitório para atendimento às exigências da Vigilância Sanitária Municipal.,INICIANDO,,,Não,Região Intermediária de Belo Horizonte,BELO HORIZONTE,500000,0,,,,,,
2301,26,782,81,4268,1,0,134,,REABILITAÇÃO DA MG-010 (CONCEIÇÃO DO MATO DENTRO A SERRO),INICIANDO,,,Não,Estadual,DIVERSOS MUNICÍPIOS - ESTADUAL,0,5000000,,,,,,
2301,26,782,81,4268,1,0,135,,REABILITAÇÃO DA MG-129 (OURO PRETO A OURO BRANCO),INICIANDO,,,Não,Estadual,DIVERSOS MUNICÍPIOS - ESTADUAL,0,5000000,,,,,,
2301,26,782,81,4268,1,0,136,,"RESTAURAÇÃO RODOVIA MG-010, TRECHO CONCEIÇÃO DO MATO DENTRO - SERRO (DISTRITO DE MATO GROSSO) E RECOMPOSIÇÃO DE TALUDE ERODIDO",INICIANDO,,,Não,Estadual,DIVERSOS MUNICÍPIOS - ESTADUAL,0,10000000,,,,,,
2301,26,782,81,4268,1,0,137,,MG-129 - OURO PRETO A OURO BRANCO,INICIANDO,,,Não,Estadual,DIVERSOS MUNICÍPIOS - ESTADUAL,0,1000000,,,,,,
2301,26,782,81,4268,1,0,138,,"RECUPERAÇÃO DE EROSÃO EM TALUDE DE CORTE NA RODOVIA MGC-354, KM 167,8, TRECHO: RIBEIRÃO DA MATA - AV MARABÁ (PATOS DE MINAS)",INICIANDO,,,Não,Estadual,DIVERSOS MUNICÍPIOS - ESTADUAL,0,143000,,,,,,
2301,26,782,81,4268,1,0,139,,"RESTAURAÇÃO DA INTERSEÇÃO NA RODOVIA MGC-354, KM 150,9, TRECHO: TRAVESSIA URBANA DE PRESIDENTE OLEGÁRIO",INICIANDO,,,Não,Estadual,DIVERSOS MUNICÍPIOS - ESTADUAL,0,5876140,,,,,,
2301,26,782,81,4268,1,0,140,,"RESTAURAÇÃO DA INTERSEÇÃO NA RODOVIA MGC-354, KM 176,2, TRECHO: AV MARABÁ (PATOS DE MINAS) - ENTR BR 365",INICIANDO,,,Não,Estadual,DIVERSOS MUNICÍPIOS - ESTADUAL,0,1132500,,,,,,
2301,26,782,81,4268,1,0,141,,"RESTAURAÇÃO E AUMENTO DE CAPACIDADE (3ª FAIXA) DO TRECHO SERRA DO SALITRE - SALITRE DE MINAS, NA MG-230",INICIANDO,,,Não,Estadual,DIVERSOS MUNICÍPIOS - ESTADUAL,0,34710000,,,,,,
2301,26,782,81,4268,1,0,142,,"RESTAURAÇÃO E AUMENTO DE CAPACIDADE DO TRECHO MG-344 (ENTR. P/ CÁSSIA) - DIVISA MG/SP, NA MG-444, EXT. 23,9 KM",INICIANDO,,,Não,Estadual,DIVERSOS MUNICÍPIOS - ESTADUAL,0,59000000,,,,,,
2301,26,782,81,4268,1,0,143,,RESTAURAÇÃO E AUMENTO DE CAPACIDADE DO TRECHO PARÁ DE MINAS - PAPAGAIOS (3ª FAIXA) - LOTE 1,INICIANDO,,,Não,Estadual,DIVERSOS MUNICÍPIOS - ESTADUAL,0,1000000,,,,,,
2301,26,782,81,4268,1,0,144,,"RESTAURAÇÃO TIMÓTEO - ENTR. LMG-760 (CAVA GRANDE), NA MG-425",INICIANDO,,,Não,Estadual,DIVERSOS MUNICÍPIOS - ESTADUAL,0,200000,,,,,,
2301,26,782,81,4268,1,0,145,,"RESTAURAÇÃO TRECHO ENTR. MGC-120 (B) (DONA EUZÉBIA) - ENTR. MGC-265, NA MG-285",INICIANDO,,,Não,Estadual,DIVERSOS MUNICÍPIOS - ESTADUAL,0,30980000,,,,,,
2301,26,782,81,4268,1,0,146,,"RESTAURAÇÃO TRECHO ENTR. MGC-265/MG-452 (P/ PAIVA) - ENTR. BR-040, NA MG-448",INICIANDO,,,Não,Estadual,DIVERSOS MUNICÍPIOS - ESTADUAL,0,25655000,,,,,,
2301,26,782,81,4268,1,0,147,,"RESTAURAÇÃO TRECHO PIRAÚBA (ENTR. MG-285) - PAIVA (ENTR. MG-488/MG-455), NA MG-265 E 3ª FAIXA",INICIANDO,,,Não,Estadual,DIVERSOS MUNICÍPIOS - ESTADUAL,0,66560000,,,,,,
2301,26,782,81,4268,1,0,148,,"RESTAURAÇÃO TRÊS PONTAS - VARGINHA, NA MG-167",INICIANDO,,,Não,Estadual,DIVERSOS MUNICÍPIOS - ESTADUAL,0,25464500,,,,,,
2301,26,782,81,4272,1,0,149,,"COMPLEMENTAÇÃO DA CONSTRUÇÃO DA PONTE SOBRE O RIO SÃO FRANCISCO, PINTÓPOLIS",INICIANDO,,,Não,Estadual,DIVERSOS MUNICÍPIOS - ESTADUAL,0,1202905,,,,,,
2301,26,782,81,4272,1,0,150,,"ENCABEÇAMENTO E PONTE SOBRE O CÓRREGO DAS LAJES, TRECHO ENTR. MGC-479 (SERRA DAS ARARAS) - ENTR. MG-402, NA LMG-622",INICIANDO,,,Não,Estadual,DIVERSOS MUNICÍPIOS - ESTADUAL,0,1000000,,,,,,
2301,26,782,81,4272,1,0,151,,"ENCABEÇAMENTO E PONTE SOBRE O RIO SÃO JOÃO, TRECHO IGARATINGA - ENTR. MG-252, NA MG-430 (SEMI-INTEGRADA)",INICIANDO,,,Não,Estadual,DIVERSOS MUNICÍPIOS - ESTADUAL,0,14920000,,,,,,
2301,26,782,81,4272,1,0,152,,"ENCABEÇAMENTO E PONTE SOBRE O RIO SERRA BRANCA, TRECHO PAI PEDRO - CATUTI, NA MGC-122",INICIANDO,,,Não,Estadual,DIVERSOS MUNICÍPIOS - ESTADUAL,0,8798400,,,,,,
2301,26,782,81,4272,1,0,153,,"LMG-722 (ROCHINHA A LAGAMAR, PONTE SOBRE O RIO PARANAÍBA)",INICIANDO,,,Não,Estadual,DIVERSOS MUNICÍPIOS - ESTADUAL,0,1000000,,,,,,
2301,26,782,81,4272,1,0,154,,"MGC-267 (CORDISLÂNDIA A CARVALHÓPOLIS, PONTE SOBRE O RIO SAPUCAÍ -  LOTE 01)",INICIANDO,,,Não,Estadual,DIVERSOS MUNICÍPIOS - ESTADUAL,0,1203643,,,,,,
2301,26,782,81,4272,1,0,155,,PASSARELA MG-010 (CIDADE ADMINISTRATIVA),INICIANDO,,,Não,Estadual,DIVERSOS MUNICÍPIOS - ESTADUAL,0,66620,,,,,,
2301,26,782,81,4272,1,0,156,,"PONTE SOBRE O EXTRAVASOR DA CEMIG, TRECHO JANUÁRIA - RIO PARDO - PANDEIROS, NA MGC-479",INICIANDO,,,Não,Estadual,DIVERSOS MUNICÍPIOS - ESTADUAL,0,1000000,,,,,,
2301,26,782,81,4272,1,0,157,,"PONTE SOBRE O RIBEIRÃO MATA BOI NA RODOVIA MG-414, TRECHO ARAGUARI (DISTRITO DE AMANHECE) - DIVISA MG/GO",INICIANDO,,,Não,Estadual,DIVERSOS MUNICÍPIOS - ESTADUAL,0,2940000,,,,,,
2301,26,782,81,4272,1,0,158,,"PONTE SOBRE O RIBEIRÃO PANDEIROS, TRECHO JANUÁRIA - RIO PARDO - PANDEIROS, NA MGC-479",INICIANDO,,,Não,Estadual,DIVERSOS MUNICÍPIOS - ESTADUAL,0,1000000,,,,,,
2301,26,782,81,4272,1,0,159,,"PONTE SOBRE O RIO ARAGUARI (TROCA DOS APARELHOS DE DO 1º E 5º VÃOS), TRECHO ENTR. MG-190 - ZELÂNDIA (USINA SANTA JULIANA), DIMENSÕES 130,00X12,20M, RODOVIA AMG-0730",INICIANDO,,,Não,Estadual,DIVERSOS MUNICÍPIOS - ESTADUAL,0,542000,,,,,,
2301,26,782,81,4272,1,0,160,,"PONTE SOBRE O RIO CORRENTE -  MG-460, NO TRECHO DE MUNHOZ - TOLEDO ( E SEMI-INTEGRADA)",INICIANDO,,,Não,Estadual,DIVERSOS MUNICÍPIOS - ESTADUAL,0,2163814,,,,,,
2301,26,782,81,4272,1,0,161,,"PONTE SOBRE O RIO SÃO FRANCISCO - ENTR. MGC-135 (MANGA) ¿ PORTO DE MATIAS CARDOSO, NA RODOVIA MG-401",INICIANDO,,,Não,Estadual,DIVERSOS MUNICÍPIOS - ESTADUAL,0,11974837,,,,,,
2301,26,782,81,4272,1,0,162,,RECUPERAÇÃO DA PONTE S/ O RIO JEQUITINHONHA- DIAMANTINA - COUTO MAGALHÃES.,INICIANDO,,,Não,Estadual,DIVERSOS MUNICÍPIOS - ESTADUAL,0,1382535,,,,,,
2301,26,782,81,4275,1,0,163,,ACESSO AO PRESÍDIO DE ITURAMA,INICIANDO,,,Não,Estadual,DIVERSOS MUNICÍPIOS - ESTADUAL,0,1000000,,,,,,
2301,26,782,81,4275,1,0,164,,"ARAÇAÍ - SETE LAGOAS, RODOVIA MUNICIPAL",INICIANDO,,,Não,Estadual,DIVERSOS MUNICÍPIOS - ESTADUAL,0,35359853,,,,,,
2301,26,782,81,4275,1,0,165,,"ARAGUARI (DISTRITO DE AMANHECE) - DIVISA MG/GO, NA MG-414",INICIANDO,,,Não,Estadual,DIVERSOS MUNICÍPIOS - ESTADUAL,0,13982612,,,,,,
2301,26,782,81,4275,1,0,166,,"CAMPO VERDE (DISTRITO E NOVORIZONTE) - FRUTA DE LEITE, NA LMG-626 (LOTE 01 TSD)",INICIANDO,,,Não,Estadual,DIVERSOS MUNICÍPIOS - ESTADUAL,0,1000000,,,,,,
2301,26,782,81,4275,1,0,167,,"COMPLEMENTAÇÃO LMG-680, TRECHO PARACATU (ENTR. LMG-690) - ENTR. ENTRE RIBEIROS - ENTR. MG-181 - (LOTE 1), SEGMENTO 1 (0 A 835), 16,70 KM E SEGMENTO 2 (835 A 1250), 8,30 KM",INICIANDO,,,Não,Estadual,DIVERSOS MUNICÍPIOS - ESTADUAL,0,10459632,,,,,,
2301,26,782,81,4275,1,0,168,,"COMPLEMENTAÇÃO LMG-680, TRECHO PARACATU (ENTR. LMG-690) - ENTR. ENTRE RIBEIROS - ENTR. MG-181 - ESTACA 2550 A 3281",INICIANDO,,,Não,Estadual,DIVERSOS MUNICÍPIOS - ESTADUAL,0,17000000,,,,,,
2301,26,782,81,4275,1,0,169,,"COMPLEMENTO S JANUÁRIA - PANDEIROS, NA RODOVIA MGC-479",INICIANDO,,,Não,Estadual,DIVERSOS MUNICÍPIOS - ESTADUAL,0,74941121,,,,,,
2301,26,782,81,4275,1,0,170,,CONTORNO DE ANDRADAS (COMPLEMENTAÇÃO) - LOTE 01,INICIANDO,,,Não,Estadual,DIVERSOS MUNICÍPIOS - ESTADUAL,0,38460000,,,,,,
2301,26,782,81,4275,1,0,171,,"ENTR. MG-181 (BRASILÂNDIA DE MINAS) - ENTR. BR-365 (BURITIZEIRO), NA MG-408 - LOTE 01",INICIANDO,,,Não,Estadual,DIVERSOS MUNICÍPIOS - ESTADUAL,0,1000000,,,,,,
2301,26,782,81,4275,1,0,172,,"IBERTIOGA - PIEDADE DO RIO GRANDE, NA RODOVIA MG-338",INICIANDO,,,Não,Estadual,DIVERSOS MUNICÍPIOS - ESTADUAL,0,7000000,,,,,,
2301,26,782,81,4275,1,0,173,,"INTERSEÇÃO DE ACESSO A COUTO DE MAGALHÃES DE MINAS, NA MGC-367",INICIANDO,,,Não,Estadual,DIVERSOS MUNICÍPIOS - ESTADUAL,0,1000000,,,,,,
2301,26,782,81,4275,1,0,174,,PAVIMENTAÇÃO MG-326 (PONTE NOVA A BARRA LONGA),INICIANDO,,,Não,Estadual,DIVERSOS MUNICÍPIOS - ESTADUAL,0,82286724,,,,,,
2301,26,782,81,4275,1,0,175,,PAVIMENTAÇÃO DA MG-314 (ENTR. MG-416 (PEÇANHA) A LMG-744 (COROACI) ENTR. VIRGOLÂNDIA),INICIANDO,,,Não,Estadual,DIVERSOS MUNICÍPIOS - ESTADUAL,0,22137718,,,,,,
2301,26,782,81,4275,1,0,176,,PAVIMENTAÇÃO DA RODOVIA MUNICIPAL (SANTA RITA DO ITUETO A ENTR. BR-259 (RESPLENDOR)),INICIANDO,,,Não,Estadual,DIVERSOS MUNICÍPIOS - ESTADUAL,0,21757581,,,,,,
2301,26,782,81,4275,1,0,177,,"RODOVIA MG-010, TRECHO CONCEIÇÃO DO MATO DENTRO - SERRO (DISTRITO DE MATO GROSSO), COM EXTENSÃO DE 21,80 KM",INICIANDO,,,Não,Estadual,DIVERSOS MUNICÍPIOS - ESTADUAL,0,8036364,,,,,,
2301,26,782,81,4275,1,0,178,,TRECHO ENTRº LMG-690 (PARACATU) - ENTRº ENTRE RIBEIROS (DISTRITO) - ENTRº MG-181 (ESTACA 1250 A 2000),INICIANDO,,,Não,Estadual,DIVERSOS MUNICÍPIOS - ESTADUAL,0,14063636,,,,,,
2301,26,782,81,4275,1,0,179,,"RODOVIA MG-10 - TRECHO CONCEIÇÃO DO MATO DENTRO - SERRO (DISTRITO DE MATO GROSSO), COM EXTENSÃO DE 22,50 KM",INICIANDO,,,Não,Estadual,DIVERSOS MUNICÍPIOS - ESTADUAL,0,8100000,,,,,,
2301,26,782,81,4275,1,0,180,,MELHORAMENTO E PAVIMENTAÇÃO DO CONTORNO DE ANDRADAS,INICIANDO,,,Não,Estadual,DIVERSOS MUNICÍPIOS - ESTADUAL,0,4804860,,,,,,
2301,26,782,81,4275,1,0,181,,EMPREENDIMENTO EM DEFINIÇÃO JUNTO AO BANCO DO BRASIL - CONTRATO DE FINANCIAMENTO Nº 20/00020-0 (PDMG),INICIANDO,,,Não,Estadual,DIVERSOS MUNICÍPIOS - ESTADUAL,0,6000001,,,,,,
2301,26,782,81,4275,1,0,182,,"SÃO DOMINGOS DO PRATA - DOM SILVÉRIO, NA MGC-120",INICIANDO,,,Não,Estadual,DIVERSOS MUNICÍPIOS - ESTADUAL,0,100000,,,,,,
2301,26,782,81,4275,1,0,183,,"ITAPAGIPE - ENTR. BR-364 (CAMPINA VERDE), RODOVIA MGC-154",INICIANDO,,,Não,Estadual,DIVERSOS MUNICÍPIOS - ESTADUAL,0,6121132,,,,,,
2301,26,782,81,4275,1,0,184,,"JABOTICATUBAS - LAGOA SANTA, RODOVIA MUNICIPAL - LOTE 01",INICIANDO,,,Não,Estadual,DIVERSOS MUNICÍPIOS - ESTADUAL,0,3541728,,,,,,
2301,26,782,81,4275,1,0,185,,LMG-629 (RIO PARDO DE MINAS A ENTRº LMG-635) - LOTE 2,INICIANDO,,,Não,Estadual,DIVERSOS MUNICÍPIOS - ESTADUAL,0,22254062,,,,,,
2301,26,782,81,4275,1,0,186,,"MELHORAMENTO E PAVIMENTAÇÃO DA RODOVIA LMG-706, SEGMENTO 01: ENTR. BR-040 - VARIANTE (PONTE RIO ESCURO); SEGMENTO 02: VAZAMOR - VAZANTE; SEGMENTO 03: CONTORNO DE VAZANTE - ENTR. BR-354",INICIANDO,,,Não,Estadual,DIVERSOS MUNICÍPIOS - ESTADUAL,0,1000000,,,,,,
2301,26,782,81,4275,1,0,187,,"MONTE CARMELO (ENTR. MG-190) - ENTR. LMG-742 (CHAPADA DE MINAS P/ GRUPIARA), NA LMG-746 - LOTE 01 9,50 KM",INICIANDO,,,Não,Estadual,DIVERSOS MUNICÍPIOS - ESTADUAL,0,1000000,,,,,,
2301,26,782,81,4275,1,0,188,,"PEÇANHA (ENTR. MG-416) - LMG-744 (COROACI), NA MG-314",INICIANDO,,,Não,Estadual,DIVERSOS MUNICÍPIOS - ESTADUAL,0,431809,,,,,,
2301,26,782,81,4275,1,0,189,,"PEDRA BONITA - ENTR. BR-116 E INTERSEÇÃO ENTR. BR-116 (COMPLEMENTAÇÃO), RODOVIA LMG-840",INICIANDO,,,Não,Estadual,DIVERSOS MUNICÍPIOS - ESTADUAL,0,1000000,,,,,,
2301,26,782,81,4275,1,0,190,,"SANTA RITA DO ITUETO - ENTR. BR-259 (RESPLENDOR) (COMPLEMENTAÇÃO), MUNICIPAL AMG-2320",INICIANDO,,,Não,Estadual,DIVERSOS MUNICÍPIOS - ESTADUAL,0,14356790,,,,,,
2301,26,782,81,4287,1,0,191,,Empreendimentos do Acordo Judicial do Rio Doce,INICIANDO,,,Não,Estadual,DIVERSOS MUNICÍPIOS - ESTADUAL,0,1000,,,,,,
2301,26,782,81,4289,1,0,192,,Empreendimentos do Acordo Judicial de Brumadinho,INICIANDO,,,Não,Estadual,DIVERSOS MUNICÍPIOS - ESTADUAL,0,1000,,,,,,
2301,26,782,81,4293,1,0,193,,04ª URG BARBACENA,INICIANDO,,,Não,Estadual,DIVERSOS MUNICÍPIOS - ESTADUAL,0,12870000,,,,,,
2301,26,782,81,4293,1,0,194,,20ª URG FORMIGA,INICIANDO,,,Não,Estadual,DIVERSOS MUNICÍPIOS - ESTADUAL,0,12870000,,,,,,
2301,26,782,81,4293,1,0,195,,28ª URG TEÓFILO OTONI,INICIANDO,,,Não,Estadual,DIVERSOS MUNICÍPIOS - ESTADUAL,0,9575065,,,,,,
2301,26,782,81,4293,1,0,196,,30ª URG JUIZ DE FORA,INICIANDO,,,Não,Estadual,DIVERSOS MUNICÍPIOS - ESTADUAL,0,12375000,,,,,,
2301,26,782,81,4293,1,0,197,,01ª URG BELO HORIZONTE - SUL,INICIANDO,,,Não,Estadual,DIVERSOS MUNICÍPIOS - ESTADUAL,0,14850000,,,,,,
2301,26,782,81,4293,1,0,198,,01ª URG BELO HORIZONTE - NORTE,INICIANDO,,,Não,Estadual,DIVERSOS MUNICÍPIOS - ESTADUAL,0,14850000,,,,,,
2301,26,782,81,4293,1,0,199,,31ª URG ITUIUTABA,INICIANDO,,,Não,Estadual,DIVERSOS MUNICÍPIOS - ESTADUAL,0,9900000,,,,,,
2301,26,782,81,4293,1,0,200,,PROGRAMA DE MICRORREVESTIMENTO ASFÁLTICO,INICIANDO,,,Não,Estadual,DIVERSOS MUNICÍPIOS - ESTADUAL,0,50000000,,,,,,
2301,26,782,81,4293,1,0,201,,"SINALIZAÇÃO VIÁRIA VERTICAL, HORIZONTAL E DISPOSITIVOS AUXILIARES, COM FORNECIMENTO DE MATERIAIS, UTILIZAÇÃO DE EQUIPAMENTOS E MÃO-DE-OBRA ESPECIALIZADA - LOTE 1",INICIANDO,,,Não,Estadual,DIVERSOS MUNICÍPIOS - ESTADUAL,0,8151612,,,,,,
2301,26,782,81,4293,1,0,202,,"SINALIZAÇÃO VIÁRIA VERTICAL, HORIZONTAL E DISPOSITIVOS AUXILIARES, COM FORNECIMENTO DE MATERIAIS, UTILIZAÇÃO DE EQUIPAMENTOS E MÃO-DE-OBRA ESPECIALIZADA - LOTE 2",INICIANDO,,,Não,Estadual,DIVERSOS MUNICÍPIOS - ESTADUAL,0,7488179,,,,,,
2301,26,782,81,4293,1,0,203,,"SINALIZAÇÃO VIÁRIA VERTICAL, HORIZONTAL E DISPOSITIVOS AUXILIARES, COM FORNECIMENTO DE MATERIAIS, UTILIZAÇÃO DE EQUIPAMENTOS E MÃO-DE-OBRA ESPECIALIZADA - LOTE 3",INICIANDO,,,Não,Estadual,DIVERSOS MUNICÍPIOS - ESTADUAL,0,9608804,,,,,,
2301,26,782,81,4293,1,0,204,,"SINALIZAÇÃO VIÁRIA VERTICAL, HORIZONTAL E DISPOSITIVOS AUXILIARES, COM FORNECIMENTO DE MATERIAIS, UTILIZAÇÃO DE EQUIPAMENTOS E MÃO-DE-OBRA ESPECIALIZADA - LOTE 4",INICIANDO,,,Não,Estadual,DIVERSOS MUNICÍPIOS - ESTADUAL,0,8168067,,,,,,
2301,26,782,81,4293,1,0,205,,CONSERVAÇÃO DA MALHA VIÁRIA DAS 40ª URG`S,INICIANDO,,,Não,Estadual,DIVERSOS MUNICÍPIOS - ESTADUAL,0,571386707,,,,,,
2301,26,782,81,4293,1,0,206,,MANUTENÇÃO LINHA VERDE E COMPLEXO CIDADE ADMINISTRATIVA,INICIANDO,,,Não,Estadual,DIVERSOS MUNICÍPIOS - ESTADUAL,0,15000000,,,,,,
2301,26,782,81,4293,1,0,207,,REALINHAMENTO DE PREÇOS DO FORNECIMENTO DO MATERIAL BETUMINOSO,INICIANDO,,,Não,Estadual,DIVERSOS MUNICÍPIOS - ESTADUAL,0,1406178,,,,,,
2301,26,782,81,4293,1,0,208,,"CONTRATAÇÃO DE EMPRESA PARA EXECUÇÃO DE SERVIÇOS DE NATUREZA CONTÍNUA DE SINALIZAÇÃO VIÁRIA VERTICAL, HORIZONTAL E DISPOSITIVOS AUXILIARES, EM REGIME DE EMPREITADA POR PREÇO UNITÁRIO, COM FORNECIMENTO DE MATERIAIS, UTILIZAÇÃO DE EQUIPAMENTOS E MÃO-DE",INICIANDO,,,Não,Estadual,DIVERSOS MUNICÍPIOS - ESTADUAL,0,19448656,,,,,,
2301,26,782,81,4385,1,0,209,,RECUPERAÇÃO FUNCIONAL MG-232 (BRAÚNAS (DIV. 40ª/ 2ª) - IPATINGA),INICIANDO,,,Não,Estadual,DIVERSOS MUNICÍPIOS - ESTADUAL,0,1000000,,,,,,
2301,26,782,81,4385,1,0,210,,"RECUPERAÇÃO FUNCIONAL MGC-259 ( SABINÓPOLIS - SERRO, GUANHÃES - SABINÓPOLIS E ALVORADA MINAS - SERRO) *",INICIANDO,,,Não,Estadual,DIVERSOS MUNICÍPIOS - ESTADUAL,0,30000000,,,,,,
2301,26,782,81,4385,1,0,211,,RECUPERAÇÃO FUNCIONAL MGC-455 (PIRAJUBA - ENTRº BR-364 (PLANURA),INICIANDO,,,Não,Estadual,DIVERSOS MUNICÍPIOS - ESTADUAL,0,1000000,,,,,,
2301,26,782,139,4280,1,0,212,,PONTO CRÍTICO: ENTRº BR-040 (BARREIRA DOTRIUNFO) - ENTRº MG-353 (GOIANÁ),INICIANDO,,,Não,Estadual,DIVERSOS MUNICÍPIOS - ESTADUAL,0,4000000,,,,,,
2301,26,782,139,4280,1,0,213,,PONTO CRÍTICO: ENTRº P/ MARIA DA FÉ - INÍCIO DO PERÍMETRO URBANO DE ITAJUBÁ (2  PONTOS),INICIANDO,,,Não,Estadual,DIVERSOS MUNICÍPIOS - ESTADUAL,0,4000000,,,,,,
2301,26,782,139,4280,1,0,214,,PONTO CRÍTICO: PALMÓPOLIS - RIO DO PRADO (6 PONTOS)/ PONTE SOBRE O RIBEIRÃO JOSÉ FERREIRA (1 PONTO),INICIANDO,,,Não,Estadual,DIVERSOS MUNICÍPIOS - ESTADUAL,0,1000000,,,,,,
2311,12,363,7,4006,1,0,215,,Construção da escola do Brasil Profissionalizado no município de Unaí-MG,PARALISADO,METRO QUADRADO,5000,Sim,Região Intermediária de Patos de Minas,UNAÍ,5000000,0,,,,,,
2321,10,302,87,4222,1,0,216,,Projetos em unidade diversas ,EXECUÇÃO,,,Não,Região Intermediária de Belo Horizonte,BELO HORIZONTE,800291,0,,,,,,
2321,10,302,87,4222,1,0,217,,Projetos em unidade diversas ,EXECUÇÃO,,,Não,Região Intermediária de Belo Horizonte,BETIM,174673,0,,,,,,
2321,10,302,87,4222,1,0,218,11877,Contrato a obra de reforma e ampliação,INICIANDO,,,Não,Região Intermediária de Barbacena,SÃO JOÃO DEL REI,1088908,0,,,,,,
2361,9,274,767,2114,1,0,219,,Possível obras de adequação da sede.,INICIANDO,,,Não,Região Intermediária de Belo Horizonte,BELO HORIZONTE,0,2754406,,,,,,
2371,20,609,78,4238,1,0,220,,Reestruturação física e ampliação do Laboratório de Química Agropecuária do Instituto Mineiro de Agropecuária - IMA,INICIANDO,,,Não,Região Intermediária de Belo Horizonte,BELO HORIZONTE,0,8311374,,,,,,
2421,8,544,101,1016,1,0,221,,Perfuração de Sistemas de Abastecimento de Agua conforme demanda dos municípios atendidos pelo IDENE,INICIANDO,,,Não,Região Intermediária de Montes Claros,MONTES CLAROS,0,477508,,,,,,
3051,12,364,15,4016,1,0,222,,"Instalações do curso de Agropecuária de Precisão, com 1.070 m² de área total, além de 5 unidades de tratamento de águas residuárias.",INICIANDO,,,Não,Estadual,DIVERSOS MUNICÍPIOS - ESTADUAL,4825656,0,,,,,,
3051,12,364,15,4016,1,0,223,,"Construção de novas instalações no Instituto Tecnológico de Agropecuária de Pitangui - ITAP, totalizando 3.214 m², para salas de aula, plantas-piloto de produção e laboratórios de apoio.",INICIANDO,,,Não,Estadual,DIVERSOS MUNICÍPIOS - ESTADUAL,12649000,0,,,,,,
3051,12,364,15,4016,1,0,224,,"Reforma do edifício histórico do Instituto de Laticínios Cândido Tostes, localizado no município dde juiz de Fora. ",INICIANDO,,,Não,Estadual,DIVERSOS MUNICÍPIOS - ESTADUAL,3715000,0,,,,,,
3051,19,571,16,4018,1,0,225,,Melhoria na infraestrutura das unidades de pesquisa.,INICIANDO,,,Não,Estadual,DIVERSOS MUNICÍPIOS - ESTADUAL,0,250000,,,,,,
4031,2,61,706,2091,1,0,226,12054, Construção do novo prédio do Fórum da Comarca de Betim/MG,EXECUÇÃO,UNIDADE,1,Sim,Região Intermediária de Belo Horizonte,BETIM,0,11016496,,,,,,
4031,2,61,706,2091,1,0,227,12806,Campo Belo/MG - Construção do novo Fórum da Comarca de Campo Belo,EXECUÇÃO,UNIDADE,1,Sim,Região Intermediária de Varginha,CAMPO BELO,0,19994210,,,,,,
4031,2,61,706,2091,1,0,228,12638,Obra de construção do novo Fórum da Comarca de Carangola.,EXECUÇÃO,UNIDADE,1,Sim,Região Intermediária de Juíz de Fora,CARANGOLA,0,12843388,,,,,,
4031,2,61,706,2091,1,0,229,12400, Contrato a execução da obra de reforma e ampliação do Fórum da Comarca de Ipatinga/MG,EXECUÇÃO,UNIDADE,1,Sim,Região Intermediária de Ipatinga,IPATINGA,0,18849069,,,,,,
4031,2,61,706,2091,1,0,230,12288, Reforma e Ampliação do Fórum da Comarca de Monte Belo/MG,EXECUÇÃO,UNIDADE,1,Sim,Região Intermediária de Varginha,MONTE BELO,0,1950000,,,,,,
4031,2,61,706,2091,1,0,231,12816,Obra de construção do novo Fórum da Comarca de Pirapora/MG,EXECUÇÃO,UNIDADE,1,Sim,Região Intermediária de Montes Claros,PIRAPORA,0,22776109,,,,,,
4031,2,61,706,2091,1,0,232,12781,Construção do novo fórum da Comarca de São Gonçalo do Sapucaí/MG,EXECUÇÃO,UNIDADE,1,Sim,Região Intermediária de Varginha,SÃO GONÇALO DO SAPUCAÍ,0,14670005,,,,,,
4031,2,61,706,2091,1,0,233,12799,Construção do novo Fórum da Comarca de Timóteo/MG ,EXECUÇÃO,UNIDADE,1,Sim,Região Intermediária de Ipatinga,TIMÓTEO,0,19506288,,,,,,
4031,2,61,706,2091,1,0,234,12833,Obra de construção do novo Fórum da Comarca de Rio Novo.,INICIANDO,UNIDADE,1,Sim,Região Intermediária de Juíz de Fora,RIO NOVO,0,4976096,,,,,,
4031,2,61,706,2091,1,0,235,12629,Obra de construção do novo Fórum da Comarca de Luz.,INICIANDO,UNIDADE,1,Sim,Região Intermediária de Divinópolis,LUZ,0,7654409,,,,,,
4031,2,61,706,2091,1,0,236,12607,Reforma e ampliação do Fórum da Comarca de Sete Lagoas/MG.,EXECUÇÃO,UNIDADE,1,Sim,Região Intermediária de Belo Horizonte,SETE LAGOAS,0,32235085,,,,,,
4031,2,61,706,2091,1,0,237,12639,Obra de construção do novo Fórum da Comarca de Três Pontas,EXECUÇÃO,UNIDADE,1,Sim,Região Intermediária de Varginha,TRÊS PONTAS,0,9489687,,,,,,
4031,2,61,706,2091,1,0,238,11547,RETOMADA DA OBRA DE CONSTRUÇÃO DO NOVO PRÉDIO DO FÓRUM DA COMARCA DE ITAJUBÁ/MG,INICIANDO,UNIDADE,1,Sim,Região Intermediária de Pouso Alegre,ITAJUBÁ,0,9366263,,,,,,
4031,2,61,706,2091,1,0,239,12856,Retomada da obra de construção do novo Fórum da Comarca de Poços de Caldas.,INICIANDO,UNIDADE,1,Sim,Região Intermediária de Pouso Alegre,POÇOS DE CALDAS,0,11009635,,,,,,
4031,2,61,706,2091,1,0,240,12344,Construção do novo prédio do Fórum da Comarca de Camanducaia/MG,INICIANDO,UNIDADE,1,Sim,Região Intermediária de Pouso Alegre,CAMANDUCAIA,0,4627222,,,,,,
4031,2,61,706,2091,1,0,241,,Obra de construção do novo Fórum da Comarca de São João do Paraíso,INICIANDO,UNIDADE,1,Sim,Região Intermediária de Montes Claros,SÃO JOÃO DO PARAÍSO,0,7290196,,,,,,
4031,2,61,706,2091,1,0,242,,Implantação do Fórum Digital no município de Brasilândia de Minas,INICIANDO,UNIDADE,1,Sim,Região Intermediária de Patos de Minas,BRASILÂNDIA DE MINAS,0,1373680,,,,,,
4031,2,61,706,2091,1,0,243,,Implantação do Fórum Digital no município de São Gonçalo do Abaeté,INICIANDO,UNIDADE,1,Sim,Região Intermediária de Patos de Minas,SÃO GONÇALO DO ABAETÉ,0,1373680,,,,,,
4031,2,61,706,2091,1,0,244,,Implantação do Fórum Digital no município de Ponto Chique,INICIANDO,UNIDADE,1,Sim,Região Intermediária de Montes Claros,PONTO CHIQUE,0,1760000,,,,,,
4031,2,61,706,2091,1,0,245,12627,Execução da 4ª (quarta) parcela da reforma parcial do Edifício-Sede do TRIBUNAL.,EXECUÇÃO,UNIDADE,1,Sim,Região Intermediária de Belo Horizonte,BELO HORIZONTE,0,38084213,,,,,,
4031,2,61,706,2091,1,0,246,12146,"Reforma geral do Fórum Lafayette, em Belo Horizonte/MG",EXECUÇÃO,UNIDADE,1,Sim,Região Intermediária de Belo Horizonte,BELO HORIZONTE,0,135013067,,,,,,
4031,2,61,706,2091,1,0,247,12703,"Cincão - Reforma parcial para adequações da estrutura física dos Armazéns 6, 7 e 8, Galpão 2, Arquivo Central e Permanente",EXECUÇÃO,UNIDADE,1,Sim,Região Intermediária de Belo Horizonte,BELO HORIZONTE,0,1052449,,,,,,
4031,2,61,706,2091,1,0,248,,Obra de construção do novo Fórum da Comarca de Monte Alegre de Minas,INICIANDO,UNIDADE,1,Sim,Região Intermediária de Uberlândia,MONTE ALEGRE DE MINAS,0,6139672,,,,,,
5011,4,122,133,3017,1,0,249,,CENTRO DE CULTURA PRESIDENTE ITAMAR FRANCO,INICIANDO,,,Não,Estadual,DIVERSOS MUNICÍPIOS - ESTADUAL,0,800000,,,,,,
5031,19,572,133,3015,1,0,250,,BALNEÁRIO ÁGUAS SANTAS - TIRADENTES/MG | BARREIO DE ARAXÁ,INICIANDO,,,Não,Estadual,DIVERSOS MUNICÍPIOS - ESTADUAL,0,4782988,,,,,,
5141,4,126,30,6006,1,0,251,,"ELABORAÇÃO E EXECUÇÃO DE PROJETOS RELACIONADOS À REFORMA, MODERNIZAÇÃO E ADEQUAÇÃO DAS INSTALAÇÕES PREDIAIS DA COMPANHIA.",INICIANDO,,,Não,Estadual,DIVERSOS MUNICÍPIOS - ESTADUAL,0,16317109,,,,,,
5251,25,121,133,3018,1,0,252,,Projeto de Expansão,EXECUÇÃO,,,Não,Região Intermediária de Belo Horizonte,BELO HORIZONTE,0,457766318,,,,,,
5391,25,752,92,3004,1,0,253,,Expansão e Aquisição do Sistema de Transmissão ,INICIANDO,,,Não,Região Intermediária de Belo Horizonte,DIVERSOS MUNICÍPIOS - REGIÃO INTERMEDIÁRIA DE BELO HORIZONTE,0,92004926,,,,,,
5391,25,752,92,3004,1,0,254,,Expansão e Aquisição do Sistema de Transmissão ,INICIANDO,,,Não,Região Intermediária de Montes Claros,DIVERSOS MUNICÍPIOS - REGIÃO INTERMEDIÁRIA DE MONTES CLAROS,0,10705994,,,,,,
5391,25,752,92,3004,1,0,255,,Expansão e Aquisição do Sistema de Transmissão ,INICIANDO,,,Não,Região Intermediária de Juíz de Fora,DIVERSOS MUNICÍPIOS - REGIÃO INTERMEDIÁRIA DE JUÍZ DE FORA,0,10464844,,,,,,
5391,25,752,92,3004,1,0,256,,Expansão e Aquisição do Sistema de Transmissão ,INICIANDO,,,Não,Região Intermediária de Uberlândia,DIVERSOS MUNICÍPIOS - REGIÃO INTERMEDIÁRIA DE UBERLÂNDIA,0,2098278,,,,,,
5391,25,752,92,3004,1,0,257,,Expansão e Aquisição do Sistema de Transmissão ,INICIANDO,,,Não,Estadual,DIVERSOS MUNICÍPIOS - ESTADUAL,0,96721858,,,,,,
5391,25,752,92,3004,1,0,258,,Expansão e Aquisição do Sistema de Transmissão ,INICIANDO,,,Não,Região Intermediária de Uberaba,DIVERSOS MUNICÍPIOS - REGIÃO INTERMEDIÁRIA DE UBERABA,0,16415074,,,,,,
5391,25,752,92,3004,1,0,259,,Expansão e Aquisição do Sistema de Transmissão ,INICIANDO,,,Não,Região Intermediária de Ipatinga,DIVERSOS MUNICÍPIOS - REGIÃO INTERMEDIÁRIA DE IPATINGA,0,1,,,,,,
5391,25,752,92,3005,1,0,260,,Reformas de Subestações e Linhas de Transmissão,INICIANDO,,,Não,Região Intermediária de Belo Horizonte,DIVERSOS MUNICÍPIOS - REGIÃO INTERMEDIÁRIA DE BELO HORIZONTE,0,126817302,,,,,,
5391,25,752,92,3005,1,0,261,,Reformas de Subestações e Linhas de Transmissão,INICIANDO,,,Não,Região Intermediária de Montes Claros,DIVERSOS MUNICÍPIOS - REGIÃO INTERMEDIÁRIA DE MONTES CLAROS,0,16058991,,,,,,
5391,25,752,92,3005,1,0,262,,Reformas de Subestações e Linhas de Transmissão,INICIANDO,,,Não,Região Intermediária de Juíz de Fora,DIVERSOS MUNICÍPIOS - REGIÃO INTERMEDIÁRIA DE JUÍZ DE FORA,0,65795530,,,,,,
5391,25,752,92,3005,1,0,263,,Reformas de Subestações e Linhas de Transmissão,INICIANDO,,,Não,Região Intermediária de Uberlândia,DIVERSOS MUNICÍPIOS - REGIÃO INTERMEDIÁRIA DE UBERLÂNDIA,0,44156794,,,,,,
5391,25,752,92,3005,1,0,264,,Reformas de Subestações e Linhas de Transmissão,INICIANDO,,,Não,Estadual,DIVERSOS MUNICÍPIOS - ESTADUAL,0,140716908,,,,,,
5391,25,752,92,3005,1,0,265,,Reformas de Subestações e Linhas de Transmissão,INICIANDO,,,Não,Região Intermediária de Ipatinga,DIVERSOS MUNICÍPIOS - REGIÃO INTERMEDIÁRIA DE IPATINGA,0,8715687,,,,,,
5391,25,752,92,3005,1,0,266,,Reformas de Subestações e Linhas de Transmissão,INICIANDO,,,Não,Região Intermediária de Uberaba,DIVERSOS MUNICÍPIOS - REGIÃO INTERMEDIÁRIA DE UBERABA,0,24622611,,,,,,
5391,25,752,94,3001,1,0,267,,Expansão do Sistema de Geração,INICIANDO,,,Não,Estadual,DIVERSOS MUNICÍPIOS - ESTADUAL,0,1000,,,,,,
