uo_repassadora_cod,uo_repassadora_sigla,programa_trabalho_fmt,acao_desc,natureza_desp_fmt,item_desc,vlr_repassado,uo_beneficiada_cod,uo_beneficiada_sigla
2151,FHA,2 15 1 12 812 075 1 024 0001,COMPLEXO ESPORTIVO HELENA ANTIPOFF,3 1 91 4 5,CONTRATAÇÃO POR TEMPO DETERMINADO - AGENTES PENITENCIÁRIOS,958,2011,IPSEMG
2151,FHA,2 15 1 12 812 075 1 024 0001,COMPLEXO ESPORTIVO HELENA ANTIPOFF,3 1 91 13 21,OBRIGAÇÕES PATRONAIS - OBRIGAÇÃO PATRONAL - PESSOAL ATIVO - ASSISTÊNCIA À SAÚDE,5402,2011,IPSEMG
1091,PGJ,1 09 1 03 122 703 2 009 0001,DIREÇÃO ADMINISTRATIVA,3 1 91 13 5,OBRIGAÇÕES PATRONAIS - OBRIGAÇÃO PATRONAL - PESSOAL ATIVO - PREVIDÊNCIA,1338303,2011,IPSEMG
2151,FHA,2 15 1 12 368 051 2 015 0001,CERTIFICAÇÕES PELO NÚCLEO DE FORMAÇÃO PRESENCIAL E À DISTÂNCIA,3 1 91 4 4,CONTRATAÇÃO POR TEMPO DETERMINADO - OBRIGAÇÃO PATRONAL  CONTRATOS POR TEMPO DETERMINADO  ASSISTÊNCIA À SAÚDE,2300,2011,IPSEMG
2151,FHA,2 15 1 12 368 051 2 015 0001,CERTIFICAÇÕES PELO NÚCLEO DE FORMAÇÃO PRESENCIAL E À DISTÂNCIA,3 1 91 13 21,OBRIGAÇÕES PATRONAIS - OBRIGAÇÃO PATRONAL - PESSOAL ATIVO - ASSISTÊNCIA À SAÚDE,4368,2011,IPSEMG
2151,FHA,2 15 1 12 242 075 2 027 0001,CENTRO DO AUTISMO E INCLUSÃO ANTIPOFFIANO,3 1 91 4 4,CONTRATAÇÃO POR TEMPO DETERMINADO - OBRIGAÇÃO PATRONAL  CONTRATOS POR TEMPO DETERMINADO  ASSISTÊNCIA À SAÚDE,2106,2011,IPSEMG
1251,PMMG,1 25 1 12 361 136 2 058 0001,ENSINO FUNDAMENTAL DOS COLÉGIOS TIRADENTES DA POLÍCIA MILITAR,3 1 91 13 21,OBRIGAÇÕES PATRONAIS - OBRIGAÇÃO PATRONAL - PESSOAL ATIVO - ASSISTÊNCIA À SAÚDE,26713,2011,IPSEMG
1251,PMMG,1 25 1 12 362 136 2 059 0001,ENSINO MÉDIO DOS COLÉGIOS TIRADENTES DA POLÍCIA MILITAR,3 1 91 13 21,OBRIGAÇÕES PATRONAIS - OBRIGAÇÃO PATRONAL - PESSOAL ATIVO - ASSISTÊNCIA À SAÚDE,902988,2011,IPSEMG
1251,PMMG,1 25 1 10 302 135 2 060 0001,ASSISTÊNCIA À SAÚDE,3 1 91 13 21,OBRIGAÇÕES PATRONAIS - OBRIGAÇÃO PATRONAL - PESSOAL ATIVO - ASSISTÊNCIA À SAÚDE,60195,2011,IPSEMG
1251,PMMG,1 25 1 06 181 137 2 061 0001,EDUCAÇÃO PROFISSIONAL DE SEGURANÇA PÚBLICA,3 1 91 13 21,OBRIGAÇÕES PATRONAIS - OBRIGAÇÃO PATRONAL - PESSOAL ATIVO - ASSISTÊNCIA À SAÚDE,15677,2011,IPSEMG
1051,TJMMG,1 05 1 02 122 734 2 078 0001,REMUNERACAO DE SERVIDORES DA ATIVA E ENCARGOS SOCIAIS,3 1 91 13 21,OBRIGAÇÕES PATRONAIS - OBRIGAÇÃO PATRONAL - PESSOAL ATIVO - ASSISTÊNCIA À SAÚDE,34200,2011,IPSEMG
1261,SEE,1 26 1 12 361 162 2 080 0001,EDUCAÇÃO INTEGRAL - ENSINO FUNDAMENTAL,3 1 91 13 21,OBRIGAÇÕES PATRONAIS - OBRIGAÇÃO PATRONAL - PESSOAL ATIVO - ASSISTÊNCIA À SAÚDE,621444,2011,IPSEMG
1261,SEE,1 26 1 12 361 162 2 081 0001,ENSINO FUNDAMENTAL - APOIO ADMINISTRATIVO,3 1 91 13 21,OBRIGAÇÕES PATRONAIS - OBRIGAÇÃO PATRONAL - PESSOAL ATIVO - ASSISTÊNCIA À SAÚDE,16233143,2011,IPSEMG
1261,SEE,1 26 1 12 366 162 2 082 0001,ENSINO FUNDAMENTAL - EDUCAÇÃO DE JOVENS E ADULTOS - EJA,3 1 91 13 21,OBRIGAÇÕES PATRONAIS - OBRIGAÇÃO PATRONAL - PESSOAL ATIVO - ASSISTÊNCIA À SAÚDE,962940,2011,IPSEMG
1261,SEE,1 26 1 12 367 162 2 084 0001,EDUCAÇÃO ESPECIAL - PROFISSIONAIS TÉCNICO-ADMINISTRATIVOS,3 1 91 13 21,OBRIGAÇÕES PATRONAIS - OBRIGAÇÃO PATRONAL - PESSOAL ATIVO - ASSISTÊNCIA À SAÚDE,142192,2011,IPSEMG
1261,SEE,1 26 1 12 361 162 2 085 0001,ENSINO FUNDAMENTAL - PROFISSIONAIS DO MAGISTÉRIO,3 1 91 13 21,OBRIGAÇÕES PATRONAIS - OBRIGAÇÃO PATRONAL - PESSOAL ATIVO - ASSISTÊNCIA À SAÚDE,82429301,2011,IPSEMG
1261,SEE,1 26 1 12 362 162 2 086 0001,ENSINO MÉDIO - APOIO ADMINISTRATIVO,3 1 91 13 21,OBRIGAÇÕES PATRONAIS - OBRIGAÇÃO PATRONAL - PESSOAL ATIVO - ASSISTÊNCIA À SAÚDE,6301394,2011,IPSEMG
1261,SEE,1 26 1 12 366 162 2 088 0001,ENSINO MÉDIO - EDUCAÇÃO DE JOVENS E ADULTOS - EJA,3 1 91 13 21,OBRIGAÇÕES PATRONAIS - OBRIGAÇÃO PATRONAL - PESSOAL ATIVO - ASSISTÊNCIA À SAÚDE,4343476,2011,IPSEMG
1261,SEE,1 26 1 12 362 162 2 090 0001,ENSINO MÉDIO - PROFISSIONAIS DO MAGISTÉRIO,3 1 91 13 21,OBRIGAÇÕES PATRONAIS - OBRIGAÇÃO PATRONAL - PESSOAL ATIVO - ASSISTÊNCIA À SAÚDE,67060417,2011,IPSEMG
1261,SEE,1 26 1 12 365 162 2 092 0001,EDUCAÇÃO INFANTIL,3 1 91 13 21,OBRIGAÇÕES PATRONAIS - OBRIGAÇÃO PATRONAL - PESSOAL ATIVO - ASSISTÊNCIA À SAÚDE,85555,2011,IPSEMG
1261,SEE,1 26 1 12 362 162 2 093 0001,EDUCAÇÃO INTEGRAL - ENSINO MÉDIO,3 1 91 13 21,OBRIGAÇÕES PATRONAIS - OBRIGAÇÃO PATRONAL - PESSOAL ATIVO - ASSISTÊNCIA À SAÚDE,1817844,2011,IPSEMG
1261,SEE,1 26 1 12 363 162 2 094 0001,EDUCAÇÃO PROFISSIONAL,3 1 91 13 21,OBRIGAÇÕES PATRONAIS - OBRIGAÇÃO PATRONAL - PESSOAL ATIVO - ASSISTÊNCIA À SAÚDE,218489,2011,IPSEMG
1261,SEE,1 26 1 12 368 162 2 096 0001,PROFISSIONAIS DO ÓRGÃO CENTRAL,3 1 91 13 21,OBRIGAÇÕES PATRONAIS - OBRIGAÇÃO PATRONAL - PESSOAL ATIVO - ASSISTÊNCIA À SAÚDE,2371087,2011,IPSEMG
1261,SEE,1 26 1 12 368 162 2 097 0001,PROFISSIONAIS DAS SUPERINTENDÊNCIAS REGIONAIS DE ENSINO - SRE,3 1 91 13 21,OBRIGAÇÕES PATRONAIS - OBRIGAÇÃO PATRONAL - PESSOAL ATIVO - ASSISTÊNCIA À SAÚDE,14938043,2011,IPSEMG
1261,SEE,1 26 1 12 368 162 2 098 0001,PROFISSIONAIS DO CONSELHO ESTADUAL DE EDUCAÇÃO,3 1 91 13 21,OBRIGAÇÕES PATRONAIS - OBRIGAÇÃO PATRONAL - PESSOAL ATIVO - ASSISTÊNCIA À SAÚDE,175438,2011,IPSEMG
1261,SEE,1 26 1 12 367 162 2 100 0001,EDUCAÇÃO ESPECIAL - PROFISSIONAIS DO MAGISTÉRIO,3 1 91 13 21,OBRIGAÇÕES PATRONAIS - OBRIGAÇÃO PATRONAL - PESSOAL ATIVO - ASSISTÊNCIA À SAÚDE,4910827,2011,IPSEMG
2061,FJP,2 06 1 12 122 705 2 417 0001,REMUNERAÇÃO DE PESSOAL ATIVO E ENCARGOS SOCIAIS,3 1 91 4 4,CONTRATAÇÃO POR TEMPO DETERMINADO - OBRIGAÇÃO PATRONAL  CONTRATOS POR TEMPO DETERMINADO  ASSISTÊNCIA À SAÚDE,21108,2011,IPSEMG
1501,SEPLAG,1 50 1 04 122 705 2 417 0001,REMUNERAÇÃO DE PESSOAL ATIVO E ENCARGOS SOCIAIS,3 1 91 4 4,CONTRATAÇÃO POR TEMPO DETERMINADO - OBRIGAÇÃO PATRONAL  CONTRATOS POR TEMPO DETERMINADO  ASSISTÊNCIA À SAÚDE,27062,2011,IPSEMG
1451,SEJUSP,1 45 1 06 122 705 2 417 0001,REMUNERAÇÃO DE PESSOAL ATIVO E ENCARGOS SOCIAIS,3 1 91 4 4,CONTRATAÇÃO POR TEMPO DETERMINADO - OBRIGAÇÃO PATRONAL  CONTRATOS POR TEMPO DETERMINADO  ASSISTÊNCIA À SAÚDE,1216655,2011,IPSEMG
2481,DETRANMG,2 48 1 04 122 705 2 417 0001,REMUNERAÇÃO DE PESSOAL ATIVO E ENCARGOS SOCIAIS,3 1 91 4 4,CONTRATAÇÃO POR TEMPO DETERMINADO - OBRIGAÇÃO PATRONAL  CONTRATOS POR TEMPO DETERMINADO  ASSISTÊNCIA À SAÚDE,255,2011,IPSEMG
2321,HEMOMINAS,2 32 1 10 122 705 2 417 0001,REMUNERAÇÃO DE PESSOAL ATIVO E ENCARGOS SOCIAIS,3 1 91 4 4,CONTRATAÇÃO POR TEMPO DETERMINADO - OBRIGAÇÃO PATRONAL  CONTRATOS POR TEMPO DETERMINADO  ASSISTÊNCIA À SAÚDE,46802,2011,IPSEMG
2311,UNIMONTES,2 31 1 12 122 705 2 417 0001,REMUNERAÇÃO DE PESSOAL ATIVO E ENCARGOS SOCIAIS,3 1 91 4 4,CONTRATAÇÃO POR TEMPO DETERMINADO - OBRIGAÇÃO PATRONAL  CONTRATOS POR TEMPO DETERMINADO  ASSISTÊNCIA À SAÚDE,14402,2011,IPSEMG
2061,FJP,2 06 1 12 122 705 2 417 0001,REMUNERAÇÃO DE PESSOAL ATIVO E ENCARGOS SOCIAIS,3 1 91 13 21,OBRIGAÇÕES PATRONAIS - OBRIGAÇÃO PATRONAL - PESSOAL ATIVO - ASSISTÊNCIA À SAÚDE,211000,2011,IPSEMG
2211,TV MINAS,2 21 1 13 131 705 2 417 0001,REMUNERAÇÃO DE PESSOAL ATIVO E ENCARGOS SOCIAIS,3 1 91 13 21,OBRIGAÇÕES PATRONAIS - OBRIGAÇÃO PATRONAL - PESSOAL ATIVO - ASSISTÊNCIA À SAÚDE,93390,2011,IPSEMG
2431,AGÊNCIA RMBH,2 43 1 15 122 705 2 417 0001,REMUNERAÇÃO DE PESSOAL ATIVO E ENCARGOS SOCIAIS,3 1 91 13 21,OBRIGAÇÕES PATRONAIS - OBRIGAÇÃO PATRONAL - PESSOAL ATIVO - ASSISTÊNCIA À SAÚDE,9608,2011,IPSEMG
1501,SEPLAG,1 50 1 04 122 705 2 417 0001,REMUNERAÇÃO DE PESSOAL ATIVO E ENCARGOS SOCIAIS,3 1 91 13 21,OBRIGAÇÕES PATRONAIS - OBRIGAÇÃO PATRONAL - PESSOAL ATIVO - ASSISTÊNCIA À SAÚDE,879646,2011,IPSEMG
2011,IPSEMG,2 01 1 10 122 705 2 417 0001,REMUNERAÇÃO DE PESSOAL ATIVO E ENCARGOS SOCIAIS,3 1 91 13 21,OBRIGAÇÕES PATRONAIS - OBRIGAÇÃO PATRONAL - PESSOAL ATIVO - ASSISTÊNCIA À SAÚDE,3430594,2011,IPSEMG
1631,SEC. GERAL,1 63 1 04 122 705 2 417 0001,REMUNERAÇÃO DE PESSOAL ATIVO E ENCARGOS SOCIAIS,3 1 91 13 21,OBRIGAÇÕES PATRONAIS - OBRIGAÇÃO PATRONAL - PESSOAL ATIVO - ASSISTÊNCIA À SAÚDE,33457,2011,IPSEMG
1071,GABINETE MILITAR,1 07 1 06 122 705 2 417 0001,REMUNERAÇÃO DE PESSOAL ATIVO E ENCARGOS SOCIAIS,3 1 91 13 21,OBRIGAÇÕES PATRONAIS - OBRIGAÇÃO PATRONAL - PESSOAL ATIVO - ASSISTÊNCIA À SAÚDE,65518,2011,IPSEMG
2251,JUCEMG,2 25 1 23 122 705 2 417 0001,REMUNERAÇÃO DE PESSOAL ATIVO E ENCARGOS SOCIAIS,3 1 91 13 21,OBRIGAÇÕES PATRONAIS - OBRIGAÇÃO PATRONAL - PESSOAL ATIVO - ASSISTÊNCIA À SAÚDE,135450,2011,IPSEMG
1711,SECOM,1 71 1 04 122 705 2 417 0001,REMUNERAÇÃO DE PESSOAL ATIVO E ENCARGOS SOCIAIS,3 1 91 13 21,OBRIGAÇÕES PATRONAIS - OBRIGAÇÃO PATRONAL - PESSOAL ATIVO - ASSISTÊNCIA À SAÚDE,72433,2011,IPSEMG
2071,FAPEMIG,2 07 1 19 571 705 2 417 0001,REMUNERAÇÃO DE PESSOAL ATIVO E ENCARGOS SOCIAIS,3 1 91 13 21,OBRIGAÇÕES PATRONAIS - OBRIGAÇÃO PATRONAL - PESSOAL ATIVO - ASSISTÊNCIA À SAÚDE,49265,2011,IPSEMG
2201,IEPHA,2 20 1 13 122 705 2 417 0001,REMUNERAÇÃO DE PESSOAL ATIVO E ENCARGOS SOCIAIS,3 1 91 13 21,OBRIGAÇÕES PATRONAIS - OBRIGAÇÃO PATRONAL - PESSOAL ATIVO - ASSISTÊNCIA À SAÚDE,82330,2011,IPSEMG
1721,SCC,1 72 1 04 122 705 2 417 0001,REMUNERAÇÃO DE PESSOAL ATIVO E ENCARGOS SOCIAIS,3 1 91 13 21,OBRIGAÇÕES PATRONAIS - OBRIGAÇÃO PATRONAL - PESSOAL ATIVO - ASSISTÊNCIA À SAÚDE,25502,2011,IPSEMG
1371,SEMAD,1 37 1 18 122 705 2 417 0001,REMUNERAÇÃO DE PESSOAL ATIVO E ENCARGOS SOCIAIS,3 1 91 13 21,OBRIGAÇÕES PATRONAIS - OBRIGAÇÃO PATRONAL - PESSOAL ATIVO - ASSISTÊNCIA À SAÚDE,618067,2011,IPSEMG
1221,SEDE,1 22 1 23 122 705 2 417 0001,REMUNERAÇÃO DE PESSOAL ATIVO E ENCARGOS SOCIAIS,3 1 91 13 21,OBRIGAÇÕES PATRONAIS - OBRIGAÇÃO PATRONAL - PESSOAL ATIVO - ASSISTÊNCIA À SAÚDE,175330,2011,IPSEMG
2441,ARSAE -MG,2 44 1 17 122 705 2 417 0001,REMUNERAÇÃO DE PESSOAL ATIVO E ENCARGOS SOCIAIS,3 1 91 13 26,OBRIGAÇÕES PATRONAIS - OBRIGAÇÃO PATRONAL SUPLEMENTAR  PESSOAL ATIVO,56163,2011,IPSEMG
2301,DER-MG,2 30 1 26 782 705 2 417 0001,REMUNERAÇÃO DE PESSOAL ATIVO E ENCARGOS SOCIAIS,3 1 91 13 21,OBRIGAÇÕES PATRONAIS - OBRIGAÇÃO PATRONAL - PESSOAL ATIVO - ASSISTÊNCIA À SAÚDE,1655647,2011,IPSEMG
2301,DER-MG,2 30 1 26 782 705 2 417 0001,REMUNERAÇÃO DE PESSOAL ATIVO E ENCARGOS SOCIAIS,3 1 91 13 24,OBRIGAÇÕES PATRONAIS - OBRIGAÇÃO PATRONAL - PENSIONISTAS -  ASSISTÊNCIA À SAÚDE,15115,2011,IPSEMG
2091,FEAM,2 09 1 18 122 705 2 417 0001,REMUNERAÇÃO DE PESSOAL ATIVO E ENCARGOS SOCIAIS,3 1 91 13 21,OBRIGAÇÕES PATRONAIS - OBRIGAÇÃO PATRONAL - PESSOAL ATIVO - ASSISTÊNCIA À SAÚDE,259918,2011,IPSEMG
1451,SEJUSP,1 45 1 06 122 705 2 417 0001,REMUNERAÇÃO DE PESSOAL ATIVO E ENCARGOS SOCIAIS,3 1 91 13 21,OBRIGAÇÕES PATRONAIS - OBRIGAÇÃO PATRONAL - PESSOAL ATIVO - ASSISTÊNCIA À SAÚDE,23863732,2011,IPSEMG
2041,LEMG,2 04 1 23 122 705 2 417 0001,REMUNERAÇÃO DE PESSOAL ATIVO E ENCARGOS SOCIAIS,3 1 91 13 21,OBRIGAÇÕES PATRONAIS - OBRIGAÇÃO PATRONAL - PESSOAL ATIVO - ASSISTÊNCIA À SAÚDE,27831,2011,IPSEMG
1271,SECULT,1 27 1 13 122 705 2 417 0001,REMUNERAÇÃO DE PESSOAL ATIVO E ENCARGOS SOCIAIS,3 1 91 13 21,OBRIGAÇÕES PATRONAIS - OBRIGAÇÃO PATRONAL - PESSOAL ATIVO - ASSISTÊNCIA À SAÚDE,230431,2011,IPSEMG
1191,SEF,1 19 1 04 122 705 2 417 0001,REMUNERAÇÃO DE PESSOAL ATIVO E ENCARGOS SOCIAIS,3 1 91 13 21,OBRIGAÇÕES PATRONAIS - OBRIGAÇÃO PATRONAL - PESSOAL ATIVO - ASSISTÊNCIA À SAÚDE,2483345,2011,IPSEMG
2241,IGAM,2 24 1 18 122 705 2 417 0001,REMUNERAÇÃO DE PESSOAL ATIVO E ENCARGOS SOCIAIS,3 1 91 13 5,OBRIGAÇÕES PATRONAIS - OBRIGAÇÃO PATRONAL - PESSOAL ATIVO - PREVIDÊNCIA,155758,2011,IPSEMG
1491,SEGOV,1 49 1 04 122 705 2 417 0001,REMUNERAÇÃO DE PESSOAL ATIVO E ENCARGOS SOCIAIS,3 1 91 13 21,OBRIGAÇÕES PATRONAIS - OBRIGAÇÃO PATRONAL - PESSOAL ATIVO - ASSISTÊNCIA À SAÚDE,265319,2011,IPSEMG
2481,DETRANMG,2 48 1 04 122 705 2 417 0001,REMUNERAÇÃO DE PESSOAL ATIVO E ENCARGOS SOCIAIS,3 1 91 13 21,OBRIGAÇÕES PATRONAIS - OBRIGAÇÃO PATRONAL - PESSOAL ATIVO - ASSISTÊNCIA À SAÚDE,215817,2011,IPSEMG
1301,SEINFRA,1 30 1 15 451 705 2 417 0001,REMUNERAÇÃO DE PESSOAL ATIVO E ENCARGOS SOCIAIS,3 1 91 13 21,OBRIGAÇÕES PATRONAIS - OBRIGAÇÃO PATRONAL - PESSOAL ATIVO - ASSISTÊNCIA À SAÚDE,272954,2011,IPSEMG
2461,ARMVA,2 46 1 15 122 705 2 417 0001,REMUNERAÇÃO DE PESSOAL ATIVO E ENCARGOS SOCIAIS,3 1 91 13 21,OBRIGAÇÕES PATRONAIS - OBRIGAÇÃO PATRONAL - PESSOAL ATIVO - ASSISTÊNCIA À SAÚDE,7196,2011,IPSEMG
2181,FCS,2 18 1 13 122 705 2 417 0001,REMUNERAÇÃO DE PESSOAL ATIVO E ENCARGOS SOCIAIS,3 1 91 13 21,OBRIGAÇÕES PATRONAIS - OBRIGAÇÃO PATRONAL - PESSOAL ATIVO - ASSISTÊNCIA À SAÚDE,376740,2011,IPSEMG
1511,PCMG,1 51 1 06 122 705 2 417 0001,REMUNERAÇÃO DE PESSOAL ATIVO E ENCARGOS SOCIAIS,3 1 91 13 21,OBRIGAÇÕES PATRONAIS - OBRIGAÇÃO PATRONAL - PESSOAL ATIVO - ASSISTÊNCIA À SAÚDE,11510925,2011,IPSEMG
1511,PCMG,1 51 1 06 122 705 2 417 0001,REMUNERAÇÃO DE PESSOAL ATIVO E ENCARGOS SOCIAIS,3 1 91 13 4,OBRIGAÇÕES PATRONAIS - INSS,45632,2011,IPSEMG
1081,AGE,1 08 1 03 122 705 2 417 0001,REMUNERAÇÃO DE PESSOAL ATIVO E ENCARGOS SOCIAIS,3 1 91 13 5,OBRIGAÇÕES PATRONAIS - OBRIGAÇÃO PATRONAL - PESSOAL ATIVO - PREVIDÊNCIA,310220,2011,IPSEMG
2371,IMA,2 37 1 20 122 705 2 417 0001,REMUNERAÇÃO DE PESSOAL ATIVO E ENCARGOS SOCIAIS,3 1 91 13 21,OBRIGAÇÕES PATRONAIS - OBRIGAÇÃO PATRONAL - PESSOAL ATIVO - ASSISTÊNCIA À SAÚDE,2550210,2011,IPSEMG
2321,HEMOMINAS,2 32 1 10 122 705 2 417 0001,REMUNERAÇÃO DE PESSOAL ATIVO E ENCARGOS SOCIAIS,3 1 91 13 21,OBRIGAÇÕES PATRONAIS - OBRIGAÇÃO PATRONAL - PESSOAL ATIVO - ASSISTÊNCIA À SAÚDE,1227169,2011,IPSEMG
2261,FUNED,2 26 1 10 303 705 2 417 0001,REMUNERAÇÃO DE PESSOAL ATIVO E ENCARGOS SOCIAIS,3 1 91 13 21,OBRIGAÇÕES PATRONAIS - OBRIGAÇÃO PATRONAL - PESSOAL ATIVO - ASSISTÊNCIA À SAÚDE,781763,2011,IPSEMG
2331,IPEMMG,2 33 1 23 122 705 2 417 0001,REMUNERAÇÃO DE PESSOAL ATIVO E ENCARGOS SOCIAIS,3 1 91 13 21,OBRIGAÇÕES PATRONAIS - OBRIGAÇÃO PATRONAL - PESSOAL ATIVO - ASSISTÊNCIA À SAÚDE,237416,2011,IPSEMG
1231,SEAPA,1 23 1 20 122 705 2 417 0001,REMUNERAÇÃO DE PESSOAL ATIVO E ENCARGOS SOCIAIS,3 1 91 13 21,OBRIGAÇÕES PATRONAIS - OBRIGAÇÃO PATRONAL - PESSOAL ATIVO - ASSISTÊNCIA À SAÚDE,175316,2011,IPSEMG
2281,UTRAMIG,2 28 1 12 363 705 2 417 0001,REMUNERAÇÃO DE PESSOAL ATIVO E ENCARGOS SOCIAIS,3 1 91 13 21,OBRIGAÇÕES PATRONAIS - OBRIGAÇÃO PATRONAL - PESSOAL ATIVO - ASSISTÊNCIA À SAÚDE,23636,2011,IPSEMG
1541,ESP MG,1 54 1 10 122 705 2 417 0001,REMUNERAÇÃO DE PESSOAL ATIVO E ENCARGOS SOCIAIS,3 1 91 13 21,OBRIGAÇÕES PATRONAIS - OBRIGAÇÃO PATRONAL - PESSOAL ATIVO - ASSISTÊNCIA À SAÚDE,42466,2011,IPSEMG
1521,CGE,1 52 1 04 122 705 2 417 0001,REMUNERAÇÃO DE PESSOAL ATIVO E ENCARGOS SOCIAIS,3 1 91 13 21,OBRIGAÇÕES PATRONAIS - OBRIGAÇÃO PATRONAL - PESSOAL ATIVO - ASSISTÊNCIA À SAÚDE,158145,2011,IPSEMG
2471,ARTEMIG,2 47 1 04 122 705 2 417 0001,REMUNERAÇÃO DE PESSOAL ATIVO E ENCARGOS SOCIAIS,3 1 91 13 21,OBRIGAÇÕES PATRONAIS - OBRIGAÇÃO PATRONAL - PESSOAL ATIVO - ASSISTÊNCIA À SAÚDE,19279,2011,IPSEMG
2101,IEF,2 10 1 18 122 705 2 417 0001,REMUNERAÇÃO DE PESSOAL ATIVO E ENCARGOS SOCIAIS,3 1 91 13 21,OBRIGAÇÕES PATRONAIS - OBRIGAÇÃO PATRONAL - PESSOAL ATIVO - ASSISTÊNCIA À SAÚDE,1094930,2011,IPSEMG
1101,OGE,1 10 1 14 122 705 2 417 0001,REMUNERAÇÃO DE PESSOAL ATIVO E ENCARGOS SOCIAIS,3 1 91 13 21,OBRIGAÇÕES PATRONAIS - OBRIGAÇÃO PATRONAL - PESSOAL ATIVO - ASSISTÊNCIA À SAÚDE,82528,2011,IPSEMG
4291,FES,4 29 1 10 122 705 2 417 0001,REMUNERAÇÃO DE PESSOAL ATIVO E ENCARGOS SOCIAIS,3 1 91 13 21,OBRIGAÇÕES PATRONAIS - OBRIGAÇÃO PATRONAL - PESSOAL ATIVO - ASSISTÊNCIA À SAÚDE,3346810,2011,IPSEMG
2271,FHEMIG,2 27 1 10 122 705 2 417 0001,REMUNERAÇÃO DE PESSOAL ATIVO E ENCARGOS SOCIAIS,3 1 91 13 21,OBRIGAÇÕES PATRONAIS - OBRIGAÇÃO PATRONAL - PESSOAL ATIVO - ASSISTÊNCIA À SAÚDE,12138171,2011,IPSEMG
1481,SEDESE,1 48 1 14 122 705 2 417 0001,REMUNERAÇÃO DE PESSOAL ATIVO E ENCARGOS SOCIAIS,3 1 91 13 21,OBRIGAÇÕES PATRONAIS - OBRIGAÇÃO PATRONAL - PESSOAL ATIVO - ASSISTÊNCIA À SAÚDE,489969,2011,IPSEMG
2161,FUCAM,2 16 1 12 122 705 2 417 0001,REMUNERAÇÃO DE PESSOAL ATIVO E ENCARGOS SOCIAIS,3 1 91 13 21,OBRIGAÇÕES PATRONAIS - OBRIGAÇÃO PATRONAL - PESSOAL ATIVO - ASSISTÊNCIA À SAÚDE,31100,2011,IPSEMG
2351,UEMG,2 35 1 12 122 705 2 417 0001,REMUNERAÇÃO DE PESSOAL ATIVO E ENCARGOS SOCIAIS,3 1 91 13 21,OBRIGAÇÕES PATRONAIS - OBRIGAÇÃO PATRONAL - PESSOAL ATIVO - ASSISTÊNCIA À SAÚDE,1585031,2011,IPSEMG
2311,UNIMONTES,2 31 1 12 122 705 2 417 0001,REMUNERAÇÃO DE PESSOAL ATIVO E ENCARGOS SOCIAIS,3 1 91 13 21,OBRIGAÇÕES PATRONAIS - OBRIGAÇÃO PATRONAL - PESSOAL ATIVO - ASSISTÊNCIA À SAÚDE,3400151,2011,IPSEMG
2171,FAOP,2 17 1 13 122 705 2 417 0001,REMUNERAÇÃO DE PESSOAL ATIVO E ENCARGOS SOCIAIS,3 1 91 13 21,OBRIGAÇÕES PATRONAIS - OBRIGAÇÃO PATRONAL - PESSOAL ATIVO - ASSISTÊNCIA À SAÚDE,20549,2011,IPSEMG
2121,IPSM,2 12 1 09 122 705 2 417 0001,REMUNERAÇÃO DE PESSOAL ATIVO E ENCARGOS SOCIAIS,3 1 91 13 21,OBRIGAÇÕES PATRONAIS - OBRIGAÇÃO PATRONAL - PESSOAL ATIVO - ASSISTÊNCIA À SAÚDE,68546,2011,IPSEMG
2151,FHA,2 15 1 12 122 705 2 500 0001,ASSESSORAMENTO E GERENCIAMENTO DE POLÍTICAS PÚBLICAS,3 1 91 4 4,CONTRATAÇÃO POR TEMPO DETERMINADO - OBRIGAÇÃO PATRONAL  CONTRATOS POR TEMPO DETERMINADO  ASSISTÊNCIA À SAÚDE,88454,2011,IPSEMG
1401,CBMMG,1 40 1 06 122 705 2 500 0001,ASSESSORAMENTO E GERENCIAMENTO DE POLÍTICAS PÚBLICAS,3 1 91 13 21,OBRIGAÇÕES PATRONAIS - OBRIGAÇÃO PATRONAL - PESSOAL ATIVO - ASSISTÊNCIA À SAÚDE,11138,2011,IPSEMG
2421,IDENE,2 42 1 20 122 705 2 500 0001,ASSESSORAMENTO E GERENCIAMENTO DE POLÍTICAS PÚBLICAS,3 1 91 13 21,OBRIGAÇÕES PATRONAIS - OBRIGAÇÃO PATRONAL - PESSOAL ATIVO - ASSISTÊNCIA À SAÚDE,37162,2011,IPSEMG
2151,FHA,2 15 1 12 122 705 2 500 0001,ASSESSORAMENTO E GERENCIAMENTO DE POLÍTICAS PÚBLICAS,3 1 91 13 21,OBRIGAÇÕES PATRONAIS - OBRIGAÇÃO PATRONAL - PESSOAL ATIVO - ASSISTÊNCIA À SAÚDE,55078,2011,IPSEMG
1251,PMMG,1 25 1 06 122 705 2 500 0001,ASSESSORAMENTO E GERENCIAMENTO DE POLÍTICAS PÚBLICAS,3 1 91 13 21,OBRIGAÇÕES PATRONAIS - OBRIGAÇÃO PATRONAL - PESSOAL ATIVO - ASSISTÊNCIA À SAÚDE,116283,2011,IPSEMG
2121,IPSM,2 12 1 09 272 008 4 010 0001,CONCESSÃO DE AUXÍLIOS PREVIDENCIÁRIOS E ASSISTENCIAIS AOS SEGURADOS E AOS SEUS DEPENDENTES,3 1 91 13 21,OBRIGAÇÕES PATRONAIS - OBRIGAÇÃO PATRONAL - PESSOAL ATIVO - ASSISTÊNCIA À SAÚDE,7197,2011,IPSEMG
2121,IPSM,2 12 1 09 272 008 4 011 0001,AUXÍLIO RECLUSÃO CONCEDIDO AOS DEPENDENTES DO SEGURADO,3 1 91 13 21,OBRIGAÇÕES PATRONAIS - OBRIGAÇÃO PATRONAL - PESSOAL ATIVO - ASSISTÊNCIA À SAÚDE,6015,2011,IPSEMG
2151,FHA,2 15 1 12 368 042 4 075 0001,FORMAÇÃO CONTINUADA DE PROFESSORES PELO NÚCLEO DE FORMAÇÃO PRESENCIAL E A DISTÂNCIA,3 1 91 13 21,OBRIGAÇÕES PATRONAIS - OBRIGAÇÃO PATRONAL - PESSOAL ATIVO - ASSISTÊNCIA À SAÚDE,855,2011,IPSEMG
2151,FHA,2 15 1 12 368 042 4 076 0001,PASSAPORTE MINEIRO DO CONHECIMENTO,3 1 91 4 4,CONTRATAÇÃO POR TEMPO DETERMINADO - OBRIGAÇÃO PATRONAL  CONTRATOS POR TEMPO DETERMINADO  ASSISTÊNCIA À SAÚDE,4024,2011,IPSEMG
2151,FHA,2 15 1 12 368 042 4 077 0001,EDUCAÇÃO BÁSICA: AMPLIAÇÃO DA JORNADA ESCOLAR,3 1 91 13 21,OBRIGAÇÕES PATRONAIS - OBRIGAÇÃO PATRONAL - PESSOAL ATIVO - ASSISTÊNCIA À SAÚDE,28220,2011,IPSEMG
2151,FHA,2 15 1 12 361 042 4 078 0001,ENSINO FUNDAMENTAL,3 1 91 4 4,CONTRATAÇÃO POR TEMPO DETERMINADO - OBRIGAÇÃO PATRONAL  CONTRATOS POR TEMPO DETERMINADO  ASSISTÊNCIA À SAÚDE,12027,2011,IPSEMG
2151,FHA,2 15 1 12 361 042 4 078 0001,ENSINO FUNDAMENTAL,3 1 91 13 21,OBRIGAÇÕES PATRONAIS - OBRIGAÇÃO PATRONAL - PESSOAL ATIVO - ASSISTÊNCIA À SAÚDE,100104,2011,IPSEMG
2151,FHA,2 15 1 12 362 042 4 080 0001,ENSINO MÉDIO REGULAR,3 1 91 4 4,CONTRATAÇÃO POR TEMPO DETERMINADO - OBRIGAÇÃO PATRONAL  CONTRATOS POR TEMPO DETERMINADO  ASSISTÊNCIA À SAÚDE,10566,2011,IPSEMG
2151,FHA,2 15 1 12 362 042 4 080 0001,ENSINO MÉDIO REGULAR,3 1 91 13 21,OBRIGAÇÕES PATRONAIS - OBRIGAÇÃO PATRONAL - PESSOAL ATIVO - ASSISTÊNCIA À SAÚDE,65696,2011,IPSEMG
2151,FHA,2 15 1 12 244 051 4 093 0001,ATENDIMENTO INDIVIDUAL NA CLÍNICA PSICOPEDAGÓGICA ÉDOUARD CLAPARÉDE,3 1 91 4 4,CONTRATAÇÃO POR TEMPO DETERMINADO - OBRIGAÇÃO PATRONAL  CONTRATOS POR TEMPO DETERMINADO  ASSISTÊNCIA À SAÚDE,10146,2011,IPSEMG
2151,FHA,2 15 1 12 244 051 4 093 0001,ATENDIMENTO INDIVIDUAL NA CLÍNICA PSICOPEDAGÓGICA ÉDOUARD CLAPARÉDE,3 1 91 13 21,OBRIGAÇÕES PATRONAIS - OBRIGAÇÃO PATRONAL - PESSOAL ATIVO - ASSISTÊNCIA À SAÚDE,7617,2011,IPSEMG
1401,CBMMG,1 40 1 18 182 052 4 138 0001,"SUPORTE ÀS AÇÕES DE PREVENÇÃO, MITIGAÇÃO, PREPARAÇÃO E RESPOSTA AOS INCÊNDIOS EM VEGETAÇÃO",3 1 91 13 21,OBRIGAÇÕES PATRONAIS - OBRIGAÇÃO PATRONAL - PESSOAL ATIVO - ASSISTÊNCIA À SAÚDE,755,2011,IPSEMG
1481,SEDESE,1 48 1 11 334 066 4 153 0001,ASSESSORAMENTO DAS UNIDADES DE ATENDIMENTO AO TRABALHADOR,3 1 91 13 21,OBRIGAÇÕES PATRONAIS - OBRIGAÇÃO PATRONAL - PESSOAL ATIVO - ASSISTÊNCIA À SAÚDE,74777,2011,IPSEMG
2151,FHA,2 15 1 12 368 042 4 175 0001,FOMENTAR A CULTURA E EDUCAÇÃO NO PLUG MINAS,3 1 91 13 21,OBRIGAÇÕES PATRONAIS - OBRIGAÇÃO PATRONAL - PESSOAL ATIVO - ASSISTÊNCIA À SAÚDE,7337,2011,IPSEMG
1481,SEDESE,1 48 1 14 422 070 4 178 0001,MANUTENÇÃO E APOIO AOS ÓRGÃOS COLEGIADOS DE DIREITOS HUMANOS,3 3 91 39 20,OUTROS SERVIÇOS DE TERCEIROS - PESSOA JURÍDICA - LOCAÇÃO DE BENS IMÓVEIS,406347,2011,IPSEMG
1481,SEDESE,1 48 1 14 422 070 4 182 0001,"ARTICULAÇÃO INSTITUCIONAL, MANUTENÇÃO DE EQUIPAMENTOS E POLÍTICAS DE DIREITOS HUMANOS",3 1 91 13 21,OBRIGAÇÕES PATRONAIS - OBRIGAÇÃO PATRONAL - PESSOAL ATIVO - ASSISTÊNCIA À SAÚDE,116012,2011,IPSEMG
1441,DEF PUB,1 44 1 03 092 726 4 193 0001,REMUNERAÇAO DE PESSOAL ATIVO E ENCARGOS SOCIAIS,3 1 91 13 5,OBRIGAÇÕES PATRONAIS - OBRIGAÇÃO PATRONAL - PESSOAL ATIVO - PREVIDÊNCIA,102729105,2011,IPSEMG
2151,FHA,2 15 1 12 368 076 4 198 0001,ATENDIMENTO NO ENSINO TECNICO PROFISSIONALIZANTE,3 1 91 4 4,CONTRATAÇÃO POR TEMPO DETERMINADO - OBRIGAÇÃO PATRONAL  CONTRATOS POR TEMPO DETERMINADO  ASSISTÊNCIA À SAÚDE,3322,2011,IPSEMG
2151,FHA,2 15 1 12 368 076 4 198 0001,ATENDIMENTO NO ENSINO TECNICO PROFISSIONALIZANTE,3 1 91 13 21,OBRIGAÇÕES PATRONAIS - OBRIGAÇÃO PATRONAL - PESSOAL ATIVO - ASSISTÊNCIA À SAÚDE,21273,2011,IPSEMG
2151,FHA,2 15 1 12 368 076 4 199 0001,ENSINO MÉDIO EM TEMPO INTEGRAL - EMTI,3 1 91 4 4,CONTRATAÇÃO POR TEMPO DETERMINADO - OBRIGAÇÃO PATRONAL  CONTRATOS POR TEMPO DETERMINADO  ASSISTÊNCIA À SAÚDE,4360,2011,IPSEMG
2151,FHA,2 15 1 12 368 076 4 199 0001,ENSINO MÉDIO EM TEMPO INTEGRAL - EMTI,3 1 91 13 21,OBRIGAÇÕES PATRONAIS - OBRIGAÇÃO PATRONAL - PESSOAL ATIVO - ASSISTÊNCIA À SAÚDE,23690,2011,IPSEMG
2151,FHA,2 15 1 12 368 089 4 233 0001, MUSEU HELENA ANTIPOFF,3 1 91 13 21,OBRIGAÇÕES PATRONAIS - OBRIGAÇÃO PATRONAL - PESSOAL ATIVO - ASSISTÊNCIA À SAÚDE,4096,2011,IPSEMG
2151,FHA,2 15 1 12 368 089 4 234 0001,FORMAÇÃO NA PERSPECTIVA ANTIPOFFIANA,3 1 91 13 21,OBRIGAÇÕES PATRONAIS - OBRIGAÇÃO PATRONAL - PESSOAL ATIVO - ASSISTÊNCIA À SAÚDE,3109,2011,IPSEMG
1011,ALMG,1 01 1 01 031 729 4 239 0001,ELABORAÇÃO LEGISLATIVA E ACOMPANHAMENTO DAS POLÍTICAS PÚBLICAS,3 1 91 13 21,OBRIGAÇÕES PATRONAIS - OBRIGAÇÃO PATRONAL - PESSOAL ATIVO - ASSISTÊNCIA À SAÚDE,85000,2011,IPSEMG
2061,FJP,2 06 1 12 364 091 4 243 0001,FORMAÇÃO DE PESSOAS NO NÍVEL DE GRADUAÇÃO,3 1 91 13 21,OBRIGAÇÕES PATRONAIS - OBRIGAÇÃO PATRONAL - PESSOAL ATIVO - ASSISTÊNCIA À SAÚDE,3238,2011,IPSEMG
2061,FJP,2 06 1 12 364 091 4 245 0001,FORMAÇÃO DE PESSOAS NO NÍVEL DE PÓS-GRADUAÇÃO (STRICTO SENSU),3 1 91 13 21,OBRIGAÇÕES PATRONAIS - OBRIGAÇÃO PATRONAL - PESSOAL ATIVO - ASSISTÊNCIA À SAÚDE,3559,2011,IPSEMG
2061,FJP,2 06 1 12 364 091 4 246 0001,PARTICIPAÇÃO EM EXTENSÃO ACADÊMICA,3 1 91 13 21,OBRIGAÇÕES PATRONAIS - OBRIGAÇÃO PATRONAL - PESSOAL ATIVO - ASSISTÊNCIA À SAÚDE,10799,2011,IPSEMG
2421,IDENE,2 42 1 20 608 124 4 325 0001,PROMOÇÃO DO DESENVOLVIMENTO SOCIOECONÔMICO DO NORTE E NORDESTE DE MINAS GERAIS,3 1 91 13 21,OBRIGAÇÕES PATRONAIS - OBRIGAÇÃO PATRONAL - PESSOAL ATIVO - ASSISTÊNCIA À SAÚDE,17767,2011,IPSEMG
1451,SEJUSP,1 45 1 10 421 130 4 353 0001,UNIDADES DE SAÚDE DO SISTEMA PRISIONAL,3 1 91 4 4,CONTRATAÇÃO POR TEMPO DETERMINADO - OBRIGAÇÃO PATRONAL  CONTRATOS POR TEMPO DETERMINADO  ASSISTÊNCIA À SAÚDE,38189,2011,IPSEMG
1451,SEJUSP,1 45 1 10 421 130 4 353 0001,UNIDADES DE SAÚDE DO SISTEMA PRISIONAL,3 1 91 13 21,OBRIGAÇÕES PATRONAIS - OBRIGAÇÃO PATRONAL - PESSOAL ATIVO - ASSISTÊNCIA À SAÚDE,1108762,2011,IPSEMG
1231,SEAPA,1 23 1 21 605 110 4 363 0001,REGULARIZAÇÃO FUNDIÁRIA DE IMÓVEIS RURAIS,3 1 91 13 21,OBRIGAÇÕES PATRONAIS - OBRIGAÇÃO PATRONAL - PESSOAL ATIVO - ASSISTÊNCIA À SAÚDE,13109,2011,IPSEMG
1251,PMMG,1 25 1 06 181 137 4 365 0001,POLICIAMENTO OSTENSIVO GERAL,3 1 91 13 21,OBRIGAÇÕES PATRONAIS - OBRIGAÇÃO PATRONAL - PESSOAL ATIVO - ASSISTÊNCIA À SAÚDE,2375395,2011,IPSEMG
1251,PMMG,1 25 1 06 181 046 4 372 0001,SUPORTE AÉREO AOS SERVIÇOS DE SEGURANÇA PÚBLICA,3 1 91 13 21,OBRIGAÇÕES PATRONAIS - OBRIGAÇÃO PATRONAL - PESSOAL ATIVO - ASSISTÊNCIA À SAÚDE,2136,2011,IPSEMG
1251,PMMG,1 25 1 06 181 137 4 374 0001,POLICIAMENTO ESPECIALIZADO,3 1 91 13 21,OBRIGAÇÕES PATRONAIS - OBRIGAÇÃO PATRONAL - PESSOAL ATIVO - ASSISTÊNCIA À SAÚDE,52342,2011,IPSEMG
2181,FCS,2 18 1 12 363 105 4 425 0001,ATIVIDADES DE ENSINO E DE EXTENSÃO DO CENTRO DE FORMAÇÃO ARTÍSTICA E TECNOLÓGICA - CEFART,3 1 91 13 21,OBRIGAÇÕES PATRONAIS - OBRIGAÇÃO PATRONAL - PESSOAL ATIVO - ASSISTÊNCIA À SAÚDE,34638,2011,IPSEMG
1451,SEJUSP,1 45 1 10 243 146 4 443 0001,ATENDIMENTO À SAÚDE DO ADOLESCENTE EM CONFLITO COM A LEI,3 1 91 13 21,OBRIGAÇÕES PATRONAIS - OBRIGAÇÃO PATRONAL - PESSOAL ATIVO - ASSISTÊNCIA À SAÚDE,142100,2011,IPSEMG
1021,TCEMG,1 02 1 01 032 746 4 445 0001,FISCALIZAÇÃO DA GESTÃO DE RECURSOS PÚBLICOS E OPERACIONALIZAÇÃO DAS ATRIBUIÇÕES INSTITUCIONAIS,3 1 91 13 21,OBRIGAÇÕES PATRONAIS - OBRIGAÇÃO PATRONAL - PESSOAL ATIVO - ASSISTÊNCIA À SAÚDE,307216,2011,IPSEMG
1091,PGJ,1 09 1 03 062 703 4 493 0001,OPERACIONALIZAÇÃO DAS ATRIBUIÇÕES INSTITUCIONAIS DO MINISTÉRIO PÚBLICO - PROCURADORIA E PROMOTORIA DE JUSTIÇA,3 1 91 13 5,OBRIGAÇÕES PATRONAIS - OBRIGAÇÃO PATRONAL - PESSOAL ATIVO - PREVIDÊNCIA,1350000,2011,IPSEMG
2421,IDENE,2 42 1 20 608 124 4 516 0001,APOIO À MECANIZAÇÃO DA PRODUÇÃO AGRÍCOLA,3 1 91 13 21,OBRIGAÇÕES PATRONAIS - OBRIGAÇÃO PATRONAL - PESSOAL ATIVO - ASSISTÊNCIA À SAÚDE,22616,2011,IPSEMG
2151,FHA,2 15 1 12 244 051 4 607 0001,"PROMOÇÃO DE AÇÕES EDUCATIVAS, PREVENTIVAS E DE SENSIBILIZAÇÃO NA CASA DA MULHER",3 1 91 4 4,CONTRATAÇÃO POR TEMPO DETERMINADO - OBRIGAÇÃO PATRONAL  CONTRATOS POR TEMPO DETERMINADO  ASSISTÊNCIA À SAÚDE,3908,2011,IPSEMG
1011,ALMG,1 01 1 09 272 705 7 006 0001,PROVENTOS DE INATIVOS CIVIS E PENSIONISTAS,3 1 91 13 22,OBRIGAÇÕES PATRONAIS - OBRIGAÇÃO PATRONAL - PESSOAL INATIVO - ASSISTÊNCIA À SAÚDE,200000,2011,IPSEMG
1051,TJMMG,1 05 1 09 272 705 7 006 0001,PROVENTOS DE INATIVOS CIVIS E PENSIONISTAS,3 1 91 13 24,OBRIGAÇÕES PATRONAIS - OBRIGAÇÃO PATRONAL - PENSIONISTAS -  ASSISTÊNCIA À SAÚDE,3250,2011,IPSEMG
1051,TJMMG,1 05 1 09 272 705 7 006 0001,PROVENTOS DE INATIVOS CIVIS E PENSIONISTAS,3 1 91 13 22,OBRIGAÇÕES PATRONAIS - OBRIGAÇÃO PATRONAL - PESSOAL INATIVO - ASSISTÊNCIA À SAÚDE,15732,2011,IPSEMG
1021,TCEMG,1 02 1 09 272 705 7 006 0001,PROVENTOS DE INATIVOS CIVIS E PENSIONISTAS,3 1 91 13 22,OBRIGAÇÕES PATRONAIS - OBRIGAÇÃO PATRONAL - PESSOAL INATIVO - ASSISTÊNCIA À SAÚDE,851495,2011,IPSEMG
4711,FFP - MG ,4 71 1 09 272 705 7 008 0001,BENEFÍCIO PREVIDENCIÁRIO DE PENSÃO,3 1 91 13 24,OBRIGAÇÕES PATRONAIS - OBRIGAÇÃO PATRONAL - PENSIONISTAS -  ASSISTÊNCIA À SAÚDE,26313427,2011,IPSEMG
4711,FFP - MG ,4 71 1 09 272 705 7 012 0001,BENEFÍCIOS PREVIDENCIÁRIOS - ESP-MG,3 1 91 13 22,OBRIGAÇÕES PATRONAIS - OBRIGAÇÃO PATRONAL - PESSOAL INATIVO - ASSISTÊNCIA À SAÚDE,12587,2011,IPSEMG
4711,FFP - MG ,4 71 1 09 272 705 7 014 0001,BENEFÍCIOS PREVIDENCIÁRIOS - SEJUSP,3 1 91 13 22,OBRIGAÇÕES PATRONAIS - OBRIGAÇÃO PATRONAL - PESSOAL INATIVO - ASSISTÊNCIA À SAÚDE,2280660,2011,IPSEMG
4711,FFP - MG ,4 71 1 09 272 705 7 017 0001,BENEFÍCIOS PREVIDENCIÁRIOS - GABINETE MILITAR,3 1 91 13 22,OBRIGAÇÕES PATRONAIS - OBRIGAÇÃO PATRONAL - PESSOAL INATIVO - ASSISTÊNCIA À SAÚDE,57633,2011,IPSEMG
4711,FFP - MG ,4 71 1 09 272 705 7 018 0001,BENEFÍCIOS PREVIDENCIÁRIOS - AGE,3 1 91 13 22,OBRIGAÇÕES PATRONAIS - OBRIGAÇÃO PATRONAL - PESSOAL INATIVO - ASSISTÊNCIA À SAÚDE,230514,2011,IPSEMG
4711,FFP - MG ,4 71 1 09 272 705 7 022 0001,BENEFÍCIOS PREVIDENCIÁRIOS - FAPEMIG,3 1 91 13 22,OBRIGAÇÕES PATRONAIS - OBRIGAÇÃO PATRONAL - PESSOAL INATIVO - ASSISTÊNCIA À SAÚDE,18603,2011,IPSEMG
4711,FFP - MG ,4 71 1 09 272 705 7 023 0001,PROVENTOS DE APOSENTADORIA E PENSÃO DE EXTINTOS CONVÊNIOS,3 1 91 13 22,OBRIGAÇÕES PATRONAIS - OBRIGAÇÃO PATRONAL - PESSOAL INATIVO - ASSISTÊNCIA À SAÚDE,211016,2011,IPSEMG
4711,FFP - MG ,4 71 1 09 272 705 7 023 0001,PROVENTOS DE APOSENTADORIA E PENSÃO DE EXTINTOS CONVÊNIOS,3 1 91 13 24,OBRIGAÇÕES PATRONAIS - OBRIGAÇÃO PATRONAL - PENSIONISTAS -  ASSISTÊNCIA À SAÚDE,1023048,2011,IPSEMG
1941,EGE-SEPLAG,1 94 1 04 274 705 7 024 0001,PAGAMENTOS MENSAIS DE PROVENTOS  AOS ASSISTIDOS E PENSIONISTAS DO PLANO DE PREVIDÊNCIA COMPLEMENTAR MINASCAIXA RP-2,3 1 91 13 24,OBRIGAÇÕES PATRONAIS - OBRIGAÇÃO PATRONAL - PENSIONISTAS -  ASSISTÊNCIA À SAÚDE,157848,2011,IPSEMG
4711,FFP - MG ,4 71 1 09 272 705 7 037 0001,BENEFÍCIOS PREVIDENCIÁRIOS - SEF,3 1 91 13 22,OBRIGAÇÕES PATRONAIS - OBRIGAÇÃO PATRONAL - PESSOAL INATIVO - ASSISTÊNCIA À SAÚDE,5636582,2011,IPSEMG
4711,FFP - MG ,4 71 1 09 272 705 7 044 0001,BENEFÍCIOS PREVIDENCIÁRIOS - CGE,3 1 91 13 22,OBRIGAÇÕES PATRONAIS - OBRIGAÇÃO PATRONAL - PESSOAL INATIVO - ASSISTÊNCIA À SAÚDE,35891,2011,IPSEMG
4711,FFP - MG ,4 71 1 09 272 705 7 046 0001,BENEFÍCIOS PREVIDENCIÁRIOS - UNIMONTES,3 1 91 13 22,OBRIGAÇÕES PATRONAIS - OBRIGAÇÃO PATRONAL - PESSOAL INATIVO - ASSISTÊNCIA À SAÚDE,747934,2011,IPSEMG
4711,FFP - MG ,4 71 1 09 272 705 7 047 0001,BENEFÍCIOS PREVIDENCIÁRIOS - IPEM/MG,3 1 91 13 22,OBRIGAÇÕES PATRONAIS - OBRIGAÇÃO PATRONAL - PESSOAL INATIVO - ASSISTÊNCIA À SAÚDE,173748,2011,IPSEMG
4711,FFP - MG ,4 71 1 09 272 705 7 048 0001,BENEFÍCIOS PREVIDENCIÁRIOS - PCMG,3 1 91 13 22,OBRIGAÇÕES PATRONAIS - OBRIGAÇÃO PATRONAL - PESSOAL INATIVO - ASSISTÊNCIA À SAÚDE,27625932,2011,IPSEMG
4711,FFP - MG ,4 71 1 09 272 705 7 049 0001,BENEFÍCIOS PREVIDENCIÁRIOS - SEPLAG,3 1 91 13 22,OBRIGAÇÕES PATRONAIS - OBRIGAÇÃO PATRONAL - PESSOAL INATIVO - ASSISTÊNCIA À SAÚDE,1706001,2011,IPSEMG
4711,FFP - MG ,4 71 1 09 272 705 7 051 0001,BENEFÍCIOS PREVIDENCIÁRIOS - SEGOV,3 1 91 13 22,OBRIGAÇÕES PATRONAIS - OBRIGAÇÃO PATRONAL - PESSOAL INATIVO - ASSISTÊNCIA À SAÚDE,1111692,2011,IPSEMG
4711,FFP - MG ,4 71 1 09 272 705 7 052 0001,BENEFÍCIOS PREVIDENCIÁRIOS - SEDESE,3 1 91 13 22,OBRIGAÇÕES PATRONAIS - OBRIGAÇÃO PATRONAL - PESSOAL INATIVO - ASSISTÊNCIA À SAÚDE,961236,2011,IPSEMG
4711,FFP - MG ,4 71 1 09 272 705 7 055 0001,BENEFÍCIOS PREVIDENCIÁRIOS - OGE,3 1 91 13 22,OBRIGAÇÕES PATRONAIS - OBRIGAÇÃO PATRONAL - PESSOAL INATIVO - ASSISTÊNCIA À SAÚDE,2001,2011,IPSEMG
4711,FFP - MG ,4 71 1 09 272 705 7 056 0001,BENEFÍCIOS PREVIDENCIÁRIOS - SEDE,3 1 91 13 22,OBRIGAÇÕES PATRONAIS - OBRIGAÇÃO PATRONAL - PESSOAL INATIVO - ASSISTÊNCIA À SAÚDE,434913,2011,IPSEMG
4711,FFP - MG ,4 71 1 09 272 705 7 058 0001,BENEFÍCIOS PREVIDENCIÁRIOS - SEAPA,3 1 91 13 22,OBRIGAÇÕES PATRONAIS - OBRIGAÇÃO PATRONAL - PESSOAL INATIVO - ASSISTÊNCIA À SAÚDE,543830,2011,IPSEMG
4711,FFP - MG ,4 71 1 09 272 705 7 059 0001,BENEFÍCIOS PREVIDENCIÁRIOS - SECULT,3 1 91 13 22,OBRIGAÇÕES PATRONAIS - OBRIGAÇÃO PATRONAL - PESSOAL INATIVO - ASSISTÊNCIA À SAÚDE,193705,2011,IPSEMG
4711,FFP - MG ,4 71 1 09 272 705 7 060 0001,BENEFÍCIOS PREVIDENCIÁRIOS - UEMG,3 1 91 13 22,OBRIGAÇÕES PATRONAIS - OBRIGAÇÃO PATRONAL - PESSOAL INATIVO - ASSISTÊNCIA À SAÚDE,306949,2011,IPSEMG
4711,FFP - MG ,4 71 1 09 272 705 7 061 0001,BENEFÍCIOS PREVIDENCIÁRIOS - SEINFRA,3 1 91 13 22,OBRIGAÇÕES PATRONAIS - OBRIGAÇÃO PATRONAL - PESSOAL INATIVO - ASSISTÊNCIA À SAÚDE,77252,2011,IPSEMG
4711,FFP - MG ,4 71 1 09 272 705 7 063 0001,BENEFÍCIOS PREVIDENCIÁRIOS - SEMAD,3 1 91 13 22,OBRIGAÇÕES PATRONAIS - OBRIGAÇÃO PATRONAL - PESSOAL INATIVO - ASSISTÊNCIA À SAÚDE,20625,2011,IPSEMG
4711,FFP - MG ,4 71 1 09 272 705 7 064 0001,BENEFÍCIOS PREVIDENCIÁRIOS - PMMG,3 1 91 13 6,OBRIGAÇÕES PATRONAIS - OBRIGAÇÃO PATRONAL - PESSOAL INATIVO - PREVIDÊNCIA,544327,2011,IPSEMG
4711,FFP - MG ,4 71 1 09 272 705 7 088 0001,BENEFÍCIOS PREVIDENCIÁRIOS - IMA,3 1 91 13 22,OBRIGAÇÕES PATRONAIS - OBRIGAÇÃO PATRONAL - PESSOAL INATIVO - ASSISTÊNCIA À SAÚDE,961862,2011,IPSEMG
4711,FFP - MG ,4 71 1 09 272 705 7 089 0001,BENEFÍCIOS PREVIDENCIÁRIOS - FHA,3 1 91 13 22,OBRIGAÇÕES PATRONAIS - OBRIGAÇÃO PATRONAL - PESSOAL INATIVO - ASSISTÊNCIA À SAÚDE,52255,2011,IPSEMG
4711,FFP - MG ,4 71 1 09 272 705 7 091 0001,BENEFÍCIOS PREVIDENCIÁRIOS - FUCAM,3 1 91 13 22,OBRIGAÇÕES PATRONAIS - OBRIGAÇÃO PATRONAL - PESSOAL INATIVO - ASSISTÊNCIA À SAÚDE,89084,2011,IPSEMG
4711,FFP - MG ,4 71 1 09 272 705 7 094 0001,BENEFÍCIOS PREVIDENCIÁRIOS - FAOP,3 1 91 13 22,OBRIGAÇÕES PATRONAIS - OBRIGAÇÃO PATRONAL - PESSOAL INATIVO - ASSISTÊNCIA À SAÚDE,1824,2011,IPSEMG
4711,FFP - MG ,4 71 1 09 272 705 7 096 0001,BENEFÍCIOS PREVIDENCIÁRIOS - FCS,3 1 91 13 22,OBRIGAÇÕES PATRONAIS - OBRIGAÇÃO PATRONAL - PESSOAL INATIVO - ASSISTÊNCIA À SAÚDE,120491,2011,IPSEMG
4711,FFP - MG ,4 71 1 09 272 705 7 104 0001,BENEFÍCIOS PREVIDENCIÁRIOS - IEPHA,3 1 91 13 22,OBRIGAÇÕES PATRONAIS - OBRIGAÇÃO PATRONAL - PESSOAL INATIVO - ASSISTÊNCIA À SAÚDE,82849,2011,IPSEMG
4711,FFP - MG ,4 71 1 09 272 705 7 205 0001,BENEFÍCIOS PREVIDENCIÁRIOS - DEER,3 1 91 13 22,OBRIGAÇÕES PATRONAIS - OBRIGAÇÃO PATRONAL - PESSOAL INATIVO - ASSISTÊNCIA À SAÚDE,6621439,2011,IPSEMG
4711,FFP - MG ,4 71 1 09 272 705 7 209 0001,BENEFÍCIOS PREVIDENCIÁRIOS - FUNED,3 1 91 13 22,OBRIGAÇÕES PATRONAIS - OBRIGAÇÃO PATRONAL - PESSOAL INATIVO - ASSISTÊNCIA À SAÚDE,395086,2011,IPSEMG
4711,FFP - MG ,4 71 1 09 272 705 7 225 0001,BENEFÍCIOS PREVIDENCIÁRIOS - FHEMIG,3 1 91 13 22,OBRIGAÇÕES PATRONAIS - OBRIGAÇÃO PATRONAL - PESSOAL INATIVO - ASSISTÊNCIA À SAÚDE,4561534,2011,IPSEMG
4711,FFP - MG ,4 71 1 09 272 705 7 312 0001,BENEFÍCIOS PREVIDENCIÁRIOS - HEMOMINAS,3 1 91 13 22,OBRIGAÇÕES PATRONAIS - OBRIGAÇÃO PATRONAL - PESSOAL INATIVO - ASSISTÊNCIA À SAÚDE,260320,2011,IPSEMG
4711,FFP - MG ,4 71 1 09 272 705 7 428 0001,BENEFÍCIOS PREVIDENCIÁRIOS - FEAM,3 1 91 13 22,OBRIGAÇÕES PATRONAIS - OBRIGAÇÃO PATRONAL - PESSOAL INATIVO - ASSISTÊNCIA À SAÚDE,155090,2011,IPSEMG
1941,EGE-SEPLAG,1 94 1 04 274 705 7 441 0001,PENSÕES ESPECIAIS DE RESPONSABILIDADE DO PODER EXECUTIVO ESTADUAL,3 1 91 13 24,OBRIGAÇÕES PATRONAIS - OBRIGAÇÃO PATRONAL - PENSIONISTAS -  ASSISTÊNCIA À SAÚDE,1534624,2011,IPSEMG
4711,FFP - MG ,4 71 1 09 272 705 7 473 0001,BENEFÍCIOS PREVIDENCIÁRIOS - IEF,3 1 91 13 22,OBRIGAÇÕES PATRONAIS - OBRIGAÇÃO PATRONAL - PESSOAL INATIVO - ASSISTÊNCIA À SAÚDE,690229,2011,IPSEMG
4711,FFP - MG ,4 71 1 09 272 705 7 484 0001,BENEFÍCIOS PREVIDENCIÁRIOS - IGAM,3 1 91 13 22,OBRIGAÇÕES PATRONAIS - OBRIGAÇÃO PATRONAL - PESSOAL INATIVO - ASSISTÊNCIA À SAÚDE,63291,2011,IPSEMG
4711,FFP - MG ,4 71 1 09 272 705 7 529 0001,BENEFÍCIOS PREVIDENCIÁRIOS - JUCEMG,3 1 91 13 22,OBRIGAÇÕES PATRONAIS - OBRIGAÇÃO PATRONAL - PESSOAL INATIVO - ASSISTÊNCIA À SAÚDE,126313,2011,IPSEMG
4711,FFP - MG ,4 71 1 09 272 705 7 586 0001,BENEFÍCIOS PREVIDENCIÁRIOS - UTRAMIG,3 1 91 13 22,OBRIGAÇÕES PATRONAIS - OBRIGAÇÃO PATRONAL - PESSOAL INATIVO - ASSISTÊNCIA À SAÚDE,25074,2011,IPSEMG
4711,FFP - MG ,4 71 1 09 272 705 7 617 0001,BENEFÍCIOS PREVIDENCIÁRIOS - LEMG,3 1 91 13 22,OBRIGAÇÕES PATRONAIS - OBRIGAÇÃO PATRONAL - PESSOAL INATIVO - ASSISTÊNCIA À SAÚDE,29221,2011,IPSEMG
4711,FFP - MG ,4 71 1 09 272 705 7 722 0001,BENEFÍCIOS PREVIDENCIÁRIOS - FJP,3 1 91 13 22,OBRIGAÇÕES PATRONAIS - OBRIGAÇÃO PATRONAL - PESSOAL INATIVO - ASSISTÊNCIA À SAÚDE,295202,2011,IPSEMG
4711,FFP - MG ,4 71 1 09 272 705 7 725 0001,BENEFÍCIOS PREVIDENCIÁRIOS - IPSEMG,3 1 91 13 22,OBRIGAÇÕES PATRONAIS - OBRIGAÇÃO PATRONAL - PESSOAL INATIVO - ASSISTÊNCIA À SAÚDE,3570805,2011,IPSEMG
4711,FFP - MG ,4 71 1 09 272 705 7 840 0001,BENEFÍCIOS PREVIDENCIÁRIOS - IPSM,3 1 91 13 22,OBRIGAÇÕES PATRONAIS - OBRIGAÇÃO PATRONAL - PESSOAL INATIVO - ASSISTÊNCIA À SAÚDE,7723,2011,IPSEMG
4711,FFP - MG ,4 71 1 09 272 705 7 939 0001,BENEFÍCIOS PREVIDENCIÁRIOS - IDENE,3 1 91 13 22,OBRIGAÇÕES PATRONAIS - OBRIGAÇÃO PATRONAL - PESSOAL INATIVO - ASSISTÊNCIA À SAÚDE,47093,2011,IPSEMG
4711,FFP - MG ,4 71 1 09 272 705 7 957 0001,BENEFÍCIOS PREVIDENCIÁRIOS - SEE,3 1 91 13 22,OBRIGAÇÕES PATRONAIS - OBRIGAÇÃO PATRONAL - PESSOAL INATIVO - ASSISTÊNCIA À SAÚDE,127352972,2011,IPSEMG
4711,FFP - MG ,4 71 1 09 272 705 7 959 0001,BENEFÍCIOS PREVIDENCIÁRIOS - SES,3 1 91 13 22,OBRIGAÇÕES PATRONAIS - OBRIGAÇÃO PATRONAL - PESSOAL INATIVO - ASSISTÊNCIA À SAÚDE,8421540,2011,IPSEMG
1091,PGJ,1 09 1 03 122 703 2 009 0001,DIREÇÃO ADMINISTRATIVA,3 3 91 39 20,OUTROS SERVIÇOS DE TERCEIROS - PESSOA JURÍDICA - LOCAÇÃO DE BENS IMÓVEIS,2724531,4031,FEPJ
1441,DEF PUB,1 44 1 03 092 726 4 150 0001,OPERACIONALIZAÇÃO DAS ATRIBUIÇÕES DA DEFENSORIA PÚBLICA E DIREÇÃO ADMIINISTRATIVA,3 3 91 39 20,OUTROS SERVIÇOS DE TERCEIROS - PESSOA JURÍDICA - LOCAÇÃO DE BENS IMÓVEIS,882328,4031,FEPJ
1916,GDPE - SEF,1 91 6 28 846 705 7 003 0001,RESTITUIÇÃO AO TJMG DOS DEPÓSITOS JUDICIAIS,4 6 91 93 31,INDENIZAÇÕES E RESTITUIÇÕES - RESTITUIÇÃO DE RECURSOS DE DEPÓSITOS JUDICIAIS,6927209,4031,FEPJ
1021,TCEMG,1 02 1 01 122 746 2 009 0001,DIREÇÃO ADMINISTRATIVA,3 3 91 30 8,MATERIAL DE CONSUMO - PRODUTOS ALIMENTÍCIOS,24840,3051,EPAMIG
1091,PGJ,1 09 1 03 122 703 2 009 0001,DIREÇÃO ADMINISTRATIVA,3 3 91 30 8,MATERIAL DE CONSUMO - PRODUTOS ALIMENTÍCIOS,621000,3051,EPAMIG
1441,DEF PUB,1 44 1 03 092 726 4 150 0001,OPERACIONALIZAÇÃO DAS ATRIBUIÇÕES DA DEFENSORIA PÚBLICA E DIREÇÃO ADMIINISTRATIVA,3 3 91 30 8,MATERIAL DE CONSUMO - PRODUTOS ALIMENTÍCIOS,582066,3051,EPAMIG
1011,ALMG,1 01 1 01 031 729 4 239 0001,ELABORAÇÃO LEGISLATIVA E ACOMPANHAMENTO DAS POLÍTICAS PÚBLICAS,3 3 91 30 8,MATERIAL DE CONSUMO - PRODUTOS ALIMENTÍCIOS,185606,3051,EPAMIG
1071,GABINETE MILITAR,1 07 1 04 122 049 4 354 0001,"GESTÃO DE BENS,SERVIÇOS E LOGISTICA DOS PRÉDIOS GOVERNAMENTAIS",3 3 91 30 8,MATERIAL DE CONSUMO - PRODUTOS ALIMENTÍCIOS,144940,3051,EPAMIG
1401,CBMMG,1 40 1 10 302 052 2 021 0001,"ASSISTÊNCIA MÉDICA, ODONTOLÓGICA, PSICOLÓGICA E FISIOTERÁPICA AOS BOMBEIROS MILITARES E SEUS DEPENDENTES",3 1 91 13 5,OBRIGAÇÕES PATRONAIS - OBRIGAÇÃO PATRONAL - PESSOAL ATIVO - PREVIDÊNCIA,4975397,2121,IPSM
1251,PMMG,1 25 1 12 362 136 2 059 0001,ENSINO MÉDIO DOS COLÉGIOS TIRADENTES DA POLÍCIA MILITAR,3 1 91 13 5,OBRIGAÇÕES PATRONAIS - OBRIGAÇÃO PATRONAL - PESSOAL ATIVO - PREVIDÊNCIA,3035490,2121,IPSM
1251,PMMG,1 25 1 10 302 135 2 060 0001,ASSISTÊNCIA À SAÚDE,3 1 91 13 5,OBRIGAÇÕES PATRONAIS - OBRIGAÇÃO PATRONAL - PESSOAL ATIVO - PREVIDÊNCIA,33124925,2121,IPSM
1251,PMMG,1 25 1 06 181 137 2 061 0001,EDUCAÇÃO PROFISSIONAL DE SEGURANÇA PÚBLICA,3 1 91 13 5,OBRIGAÇÕES PATRONAIS - OBRIGAÇÃO PATRONAL - PESSOAL ATIVO - PREVIDÊNCIA,20795334,2121,IPSM
1051,TJMMG,1 05 1 02 122 734 2 077 0001,REMUNERACAO DE MAGISTRADOS DA ATIVA E ENCARGOS SOCIAIS,3 1 91 13 5,OBRIGAÇÕES PATRONAIS - OBRIGAÇÃO PATRONAL - PESSOAL ATIVO - PREVIDÊNCIA,425000,2121,IPSM
1081,AGE,1 08 1 03 122 705 2 417 0001,REMUNERAÇÃO DE PESSOAL ATIVO E ENCARGOS SOCIAIS,3 1 91 13 5,OBRIGAÇÕES PATRONAIS - OBRIGAÇÃO PATRONAL - PESSOAL ATIVO - PREVIDÊNCIA,236956,2121,IPSM
1251,PMMG,1 25 1 06 122 705 2 500 0001,ASSESSORAMENTO E GERENCIAMENTO DE POLÍTICAS PÚBLICAS,3 1 91 13 5,OBRIGAÇÕES PATRONAIS - OBRIGAÇÃO PATRONAL - PESSOAL ATIVO - PREVIDÊNCIA,37001311,2121,IPSM
1401,CBMMG,1 40 1 06 182 052 4 114 0001,"GESTÃO DA PREVENÇÃO, MITIGAÇÃO E PREPARAÇÃO DE DESASTRE",3 1 91 13 5,OBRIGAÇÕES PATRONAIS - OBRIGAÇÃO PATRONAL - PESSOAL ATIVO - PREVIDÊNCIA,56934601,2121,IPSM
1401,CBMMG,1 40 1 06 182 052 4 115 0001,GESTÃO DA RESPOSTA A DESASTRES,3 1 91 13 5,OBRIGAÇÕES PATRONAIS - OBRIGAÇÃO PATRONAL - PESSOAL ATIVO - PREVIDÊNCIA,88952437,2121,IPSM
1401,CBMMG,1 40 1 06 128 052 4 119 0001,"RECRUTAMENTO, TREINAMENTO E FORMAÇÃO DE BOMBEIROS",3 1 91 13 5,OBRIGAÇÕES PATRONAIS - OBRIGAÇÃO PATRONAL - PESSOAL ATIVO - PREVIDÊNCIA,7234722,2121,IPSM
1251,PMMG,1 25 1 06 181 137 4 365 0001,POLICIAMENTO OSTENSIVO GERAL,3 1 91 13 5,OBRIGAÇÕES PATRONAIS - OBRIGAÇÃO PATRONAL - PESSOAL ATIVO - PREVIDÊNCIA,351590349,2121,IPSM
1251,PMMG,1 25 1 06 181 046 4 372 0001,SUPORTE AÉREO AOS SERVIÇOS DE SEGURANÇA PÚBLICA,3 1 91 13 5,OBRIGAÇÕES PATRONAIS - OBRIGAÇÃO PATRONAL - PESSOAL ATIVO - PREVIDÊNCIA,6469660,2121,IPSM
1251,PMMG,1 25 1 06 181 137 4 374 0001,POLICIAMENTO ESPECIALIZADO,3 1 91 13 5,OBRIGAÇÕES PATRONAIS - OBRIGAÇÃO PATRONAL - PESSOAL ATIVO - PREVIDÊNCIA,113219042,2121,IPSM
1051,TJMMG,1 05 1 09 272 705 7 007 0001,PROVENTOS DE INATIVOS MILITARES,3 1 91 13 6,OBRIGAÇÕES PATRONAIS - OBRIGAÇÃO PATRONAL - PESSOAL INATIVO - PREVIDÊNCIA,187865,2121,IPSM
1401,CBMMG,1 40 1 06 272 705 7 007 0001,PROVENTOS DE INATIVOS MILITARES,3 1 91 13 6,OBRIGAÇÕES PATRONAIS - OBRIGAÇÃO PATRONAL - PESSOAL INATIVO - PREVIDÊNCIA,132240174,2121,IPSM
1251,PMMG,1 25 1 06 272 705 7 007 0001,PROVENTOS DE INATIVOS MILITARES,3 1 91 13 6,OBRIGAÇÕES PATRONAIS - OBRIGAÇÃO PATRONAL - PESSOAL INATIVO - PREVIDÊNCIA,1501668418,2121,IPSM
1401,CBMMG,1 40 1 06 122 705 7 010 0001,BENEFÍCIOS ASSISTENCIAIS,3 1 91 13 8,OBRIGAÇÕES PATRONAIS - OBRIGAÇÃO PATRONAL - PENSIONISTAS - PREVIDÊNCIA,4000,2121,IPSM
4711,FFP - MG ,4 71 1 09 272 705 7 037 0001,BENEFÍCIOS PREVIDENCIÁRIOS - SEF,3 1 91 13 6,OBRIGAÇÕES PATRONAIS - OBRIGAÇÃO PATRONAL - PESSOAL INATIVO - PREVIDÊNCIA,25692,2121,IPSM
4711,FFP - MG ,4 71 1 09 272 705 7 048 0001,BENEFÍCIOS PREVIDENCIÁRIOS - PCMG,3 1 91 13 6,OBRIGAÇÕES PATRONAIS - OBRIGAÇÃO PATRONAL - PESSOAL INATIVO - PREVIDÊNCIA,20168,2121,IPSM
1916,GDPE - SEF,1 91 6 28 846 705 7 658 0001,ENCARGOS DEVIDOS POR FINANCIAMENTO JUNTO AOS INSTITUTOS DE PREVIDÊNCIA DOS SERVIDORES MILITARES DO ESTADO DE MINAS GERAIS - IPSM,3 2 91 21 3,JUROS SOBRE A DÍVIDA POR CONTRATO - JUROS DA DIVIDA COM OS INSTITUTOS DE PREVIDÊNCIA,55209220,2121,IPSM
1916,GDPE - SEF,1 91 6 28 846 705 7 658 0001,ENCARGOS DEVIDOS POR FINANCIAMENTO JUNTO AOS INSTITUTOS DE PREVIDÊNCIA DOS SERVIDORES MILITARES DO ESTADO DE MINAS GERAIS - IPSM,4 6 91 71 3,PRINCIPAL DA DÍVIDA CONTRATUAL RESGATADO - PRINCIPAL DA DIVIDA COM OS INSTITUTOS DE PREVIDÊNCIA,26663215,2121,IPSM
2331,IPEMMG,2 33 1 23 122 705 2 500 0001,ASSESSORAMENTO E GERENCIAMENTO DE POLÍTICAS PÚBLICAS,3 3 91 40 2,SERVIÇOS DE TECNOLOGIA DA INFORMAÇÃO E COMUNICAÇÃO -  PESSOA JURÍDICA - SERVIÇOS DE TECNOLOGIA DA INFORMAÇÃO,10645,2251,JUCEMG
4291,FES,4 29 1 10 303 166 2 136 0001,DESENVOLVIMENTO DAS AÇÕES DE SAÚDE NO ÂMBITO DA FUNDAÇÃO EZEQUIEL DIAS- FUNED,3 3 91 41 4,CONTRIBUIÇÕES - CONTRIBUIÇÕES DO FUNDO ESTADUAL DE SAUDE - FES - LC 141/2012,660792564,2261,FUNED
4291,FES,4 29 1 10 302 062 4 137 0001,"PROGRAMAÇÃO, CONTRATAÇÃO E PROCESSAMENTO DE SERVIÇOS DE SAÚDE",3 3 91 39 28,OUTROS SERVIÇOS DE TERCEIROS - PESSOA JURÍDICA - SERVIÇOS DE SAÚDE EXECUTADOS COM RECURSOS DO SUS,2157572,2261,FUNED
4291,FES,4 29 1 10 302 166 2 111 0001,DESENVOLVIMENTO DAS AÇÕES DE SAÚDE NO ÂMBITO DA FUNDAÇÃO HOSPITALAR DO ESTADO DE MINAS GERAIS- FHEMIG,3 3 91 41 4,CONTRIBUIÇÕES - CONTRIBUIÇÕES DO FUNDO ESTADUAL DE SAUDE - FES - LC 141/2012,2659579770,2271,FHEMIG
4291,FES,4 29 1 10 302 166 2 880 0001,DESENVOLVIMENTO DAS AÇÕES DE SAÚDE NO ÂMBITO DA UNIVERSIDADE ESTADUAL DE MONTES CLAROS - UNIMONTES,3 3 91 41 4,CONTRIBUIÇÕES - CONTRIBUIÇÕES DO FUNDO ESTADUAL DE SAUDE - FES - LC 141/2012,65002000,2311,UNIMONTES
4291,FES,4 29 1 10 302 166 2 135 0001,DESENVOLVIMENTO DAS AÇÕES DE SAÚDE NO ÂMBITO DA FUNDAÇÃO CENTRO DE HEMATOLOGIA E HEMOTERAPIA DE MINAS GERAIS- HEMOMINAS,3 3 91 41 4,CONTRIBUIÇÕES - CONTRIBUIÇÕES DO FUNDO ESTADUAL DE SAUDE - FES - LC 141/2012,431909937,2321,HEMOMINAS
4291,FES,4 29 1 10 302 062 4 137 0001,"PROGRAMAÇÃO, CONTRATAÇÃO E PROCESSAMENTO DE SERVIÇOS DE SAÚDE",3 3 91 39 28,OUTROS SERVIÇOS DE TERCEIROS - PESSOA JURÍDICA - SERVIÇOS DE SAÚDE EXECUTADOS COM RECURSOS DO SUS,5965155,2321,HEMOMINAS
4291,FES,4 29 1 10 302 062 4 137 0001,"PROGRAMAÇÃO, CONTRATAÇÃO E PROCESSAMENTO DE SERVIÇOS DE SAÚDE",3 3 91 39 29,"OUTROS SERVIÇOS DE TERCEIROS - PESSOA JURÍDICA - SERVIÇOS MÉDICOS, ODONTOLÓGICOS E LABORATORIAIS",54998027,2321,HEMOMINAS
2011,IPSEMG,2 01 1 10 302 088 4 231 0001,ATENÇÃO À SAÚDE HOSPITALAR NA REDE PRÓPRIA,3 3 91 39 98,OUTROS SERVIÇOS DE TERCEIROS - PESSOA JURÍDICA - SERVIÇOS DE SAÚDE PRESTADOS CONTRATUALMENTE POR PESSOA JURÍDICA,1208065,2321,HEMOMINAS
1011,ALMG,1 01 1 01 031 729 4 239 0001,ELABORAÇÃO LEGISLATIVA E ACOMPANHAMENTO DAS POLÍTICAS PÚBLICAS,3 1 91 13 5,OBRIGAÇÕES PATRONAIS - OBRIGAÇÃO PATRONAL - PESSOAL ATIVO - PREVIDÊNCIA,3084000,2361,IPLEMG
1011,ALMG,1 01 1 01 031 729 4 239 0001,ELABORAÇÃO LEGISLATIVA E ACOMPANHAMENTO DAS POLÍTICAS PÚBLICAS,4 5 91 41 3,CONTRIBUIÇÕES - CONTRIBUIÇÕES AO IPLEMG,11953000,2361,IPLEMG
4291,FES,4 29 1 10 302 166 2 115 0001,DESENVOLVIMENTO DAS AÇÕES DE SAÚDE NO ÂMBITO DO CORPO DE BOMBEIROS MILITAR DO ESTADO DE MINAS GERAIS,3 3 91 41 4,CONTRIBUIÇÕES - CONTRIBUIÇÕES DO FUNDO ESTADUAL DE SAUDE - FES - LC 141/2012,683000,1401,CBMMG
4291,FES,4 29 1 10 122 166 2 112 0001,DESENVOLVIMENTO DAS AÇÕES DE SAÚDE NO ÂMBITO DA SECRETARIA DE ESTADO DE JUSTIÇA E SEGURANÇA PÚBLICA - SEJUSP,3 3 91 41 4,CONTRIBUIÇÕES - CONTRIBUIÇÕES DO FUNDO ESTADUAL DE SAUDE - FES - LC 141/2012,273050387,1451,SEJUSP
4291,FES,4 29 1 10 128 166 2 110 0001,DESENVOLVIMENTO DAS AÇÕES DE SAÚDE NO ÂMBITO DA ESCOLA DE SAÚDE PÚBLICA DO ESTADO DE MINAS GERAIS- ESP,3 3 91 41 4,CONTRIBUIÇÕES - CONTRIBUIÇÕES DO FUNDO ESTADUAL DE SAUDE - FES - LC 141/2012,32456131,1541,ESP MG
4291,FES,4 29 1 10 128 166 2 137 0001,DESENVOLVIMENTO DAS AÇÕES DE SAÚDE NO ÂMBITO DA ADMINISTRAÇÃO PÚBLICA ESTADUAL,3 3 91 41 4,CONTRIBUIÇÕES - CONTRIBUIÇÕES DO FUNDO ESTADUAL DE SAUDE - FES - LC 141/2012,1000,4631,FPP - MG
4291,FES,4 29 1 10 303 166 2 402 0001,DESENVOLVIMENTO DAS AÇÕES DE SAÚDE NO ÂMBITO DO FUNDO DE PAGAMENTO DE PARCERIAS PÚBLICO-PRIVADAS DE MINAS GERAIS - FPP-MG,3 3 91 41 4,CONTRIBUIÇÕES - CONTRIBUIÇÕES DO FUNDO ESTADUAL DE SAUDE - FES - LC 141/2012,985428,4631,FPP - MG
2151,FHA,2 15 1 12 812 075 1 024 0001,COMPLEXO ESPORTIVO HELENA ANTIPOFF,3 1 91 13 5,OBRIGAÇÕES PATRONAIS - OBRIGAÇÃO PATRONAL - PESSOAL ATIVO - PREVIDÊNCIA,22272,4711,FFP - MG 
1091,PGJ,1 09 1 03 122 703 2 009 0001,DIREÇÃO ADMINISTRATIVA,3 1 91 13 5,OBRIGAÇÕES PATRONAIS - OBRIGAÇÃO PATRONAL - PESSOAL ATIVO - PREVIDÊNCIA,221712144,4711,FFP - MG 
2151,FHA,2 15 1 12 368 051 2 015 0001,CERTIFICAÇÕES PELO NÚCLEO DE FORMAÇÃO PRESENCIAL E À DISTÂNCIA,3 1 91 13 5,OBRIGAÇÕES PATRONAIS - OBRIGAÇÃO PATRONAL - PESSOAL ATIVO - PREVIDÊNCIA,138343,4711,FFP - MG 
1031,TJMG,1 03 1 02 122 706 2 053 0001,REMUNERAÇÃO DE MAGISTRADOS DA ATIVA E ENCARGOS SOCIAIS,3 1 91 13 5,OBRIGAÇÕES PATRONAIS - OBRIGAÇÃO PATRONAL - PESSOAL ATIVO - PREVIDÊNCIA,121124000,4711,FFP - MG 
1031,TJMG,1 03 1 02 122 706 2 053 0001,REMUNERAÇÃO DE MAGISTRADOS DA ATIVA E ENCARGOS SOCIAIS,3 1 91 92 3,DESPESAS DE EXERCÍCIOS ANTERIORES - DESPESAS DE EXERCÍCIOS ANTERIORES  OBRIGAÇÕES PATRONAIS,22700000,4711,FFP - MG 
1031,TJMG,1 03 1 02 122 706 2 054 0001,REMUNERAÇÃO DE SERVIDORES DA ATIVA E ENCARGOS SOCIAIS,3 1 91 13 5,OBRIGAÇÕES PATRONAIS - OBRIGAÇÃO PATRONAL - PESSOAL ATIVO - PREVIDÊNCIA,993100576,4711,FFP - MG 
1031,TJMG,1 03 1 02 122 706 2 054 0001,REMUNERAÇÃO DE SERVIDORES DA ATIVA E ENCARGOS SOCIAIS,3 1 91 92 3,DESPESAS DE EXERCÍCIOS ANTERIORES - DESPESAS DE EXERCÍCIOS ANTERIORES  OBRIGAÇÕES PATRONAIS,37463150,4711,FFP - MG 
1251,PMMG,1 25 1 12 361 136 2 058 0001,ENSINO FUNDAMENTAL DOS COLÉGIOS TIRADENTES DA POLÍCIA MILITAR,3 1 91 13 5,OBRIGAÇÕES PATRONAIS - OBRIGAÇÃO PATRONAL - PESSOAL ATIVO - PREVIDÊNCIA,557909,4711,FFP - MG 
1251,PMMG,1 25 1 12 362 136 2 059 0001,ENSINO MÉDIO DOS COLÉGIOS TIRADENTES DA POLÍCIA MILITAR,3 1 91 13 5,OBRIGAÇÕES PATRONAIS - OBRIGAÇÃO PATRONAL - PESSOAL ATIVO - PREVIDÊNCIA,485679,4711,FFP - MG 
1251,PMMG,1 25 1 10 302 135 2 060 0001,ASSISTÊNCIA À SAÚDE,3 1 91 13 5,OBRIGAÇÕES PATRONAIS - OBRIGAÇÃO PATRONAL - PESSOAL ATIVO - PREVIDÊNCIA,677461,4711,FFP - MG 
1251,PMMG,1 25 1 06 181 137 2 061 0001,EDUCAÇÃO PROFISSIONAL DE SEGURANÇA PÚBLICA,3 1 91 13 5,OBRIGAÇÕES PATRONAIS - OBRIGAÇÃO PATRONAL - PESSOAL ATIVO - PREVIDÊNCIA,141968,4711,FFP - MG 
1051,TJMMG,1 05 1 02 122 734 2 077 0001,REMUNERACAO DE MAGISTRADOS DA ATIVA E ENCARGOS SOCIAIS,3 1 91 13 5,OBRIGAÇÕES PATRONAIS - OBRIGAÇÃO PATRONAL - PESSOAL ATIVO - PREVIDÊNCIA,2827000,4711,FFP - MG 
1051,TJMMG,1 05 1 02 122 734 2 078 0001,REMUNERACAO DE SERVIDORES DA ATIVA E ENCARGOS SOCIAIS,3 1 91 13 5,OBRIGAÇÕES PATRONAIS - OBRIGAÇÃO PATRONAL - PESSOAL ATIVO - PREVIDÊNCIA,8218990,4711,FFP - MG 
1261,SEE,1 26 1 12 361 162 2 080 0001,EDUCAÇÃO INTEGRAL - ENSINO FUNDAMENTAL,3 1 91 13 5,OBRIGAÇÕES PATRONAIS - OBRIGAÇÃO PATRONAL - PESSOAL ATIVO - PREVIDÊNCIA,7185641,4711,FFP - MG 
1261,SEE,1 26 1 12 361 162 2 081 0001,ENSINO FUNDAMENTAL - APOIO ADMINISTRATIVO,3 1 91 13 5,OBRIGAÇÕES PATRONAIS - OBRIGAÇÃO PATRONAL - PESSOAL ATIVO - PREVIDÊNCIA,187700817,4711,FFP - MG 
1261,SEE,1 26 1 12 366 162 2 082 0001,ENSINO FUNDAMENTAL - EDUCAÇÃO DE JOVENS E ADULTOS - EJA,3 1 91 13 5,OBRIGAÇÕES PATRONAIS - OBRIGAÇÃO PATRONAL - PESSOAL ATIVO - PREVIDÊNCIA,11134299,4711,FFP - MG 
1261,SEE,1 26 1 12 367 162 2 084 0001,EDUCAÇÃO ESPECIAL - PROFISSIONAIS TÉCNICO-ADMINISTRATIVOS,3 1 91 13 5,OBRIGAÇÕES PATRONAIS - OBRIGAÇÃO PATRONAL - PESSOAL ATIVO - PREVIDÊNCIA,1644137,4711,FFP - MG 
1261,SEE,1 26 1 12 361 162 2 085 0001,ENSINO FUNDAMENTAL - PROFISSIONAIS DO MAGISTÉRIO,3 1 91 13 5,OBRIGAÇÕES PATRONAIS - OBRIGAÇÃO PATRONAL - PESSOAL ATIVO - PREVIDÊNCIA,1089474227,4711,FFP - MG 
1261,SEE,1 26 1 12 362 162 2 086 0001,ENSINO MÉDIO - APOIO ADMINISTRATIVO,3 1 91 13 5,OBRIGAÇÕES PATRONAIS - OBRIGAÇÃO PATRONAL - PESSOAL ATIVO - PREVIDÊNCIA,72861847,4711,FFP - MG 
1261,SEE,1 26 1 12 366 162 2 088 0001,ENSINO MÉDIO - EDUCAÇÃO DE JOVENS E ADULTOS - EJA,3 1 91 13 5,OBRIGAÇÕES PATRONAIS - OBRIGAÇÃO PATRONAL - PESSOAL ATIVO - PREVIDÊNCIA,50222806,4711,FFP - MG 
1261,SEE,1 26 1 12 362 162 2 090 0001,ENSINO MÉDIO - PROFISSIONAIS DO MAGISTÉRIO,3 1 91 13 5,OBRIGAÇÕES PATRONAIS - OBRIGAÇÃO PATRONAL - PESSOAL ATIVO - PREVIDÊNCIA,775407141,4711,FFP - MG 
1261,SEE,1 26 1 12 365 162 2 092 0001,EDUCAÇÃO INFANTIL,3 1 91 13 5,OBRIGAÇÕES PATRONAIS - OBRIGAÇÃO PATRONAL - PESSOAL ATIVO - PREVIDÊNCIA,989261,4711,FFP - MG 
1261,SEE,1 26 1 12 362 162 2 093 0001,EDUCAÇÃO INTEGRAL - ENSINO MÉDIO,3 1 91 13 5,OBRIGAÇÕES PATRONAIS - OBRIGAÇÃO PATRONAL - PESSOAL ATIVO - PREVIDÊNCIA,21019399,4711,FFP - MG 
1261,SEE,1 26 1 12 363 162 2 094 0001,EDUCAÇÃO PROFISSIONAL,3 1 91 13 5,OBRIGAÇÕES PATRONAIS - OBRIGAÇÃO PATRONAL - PESSOAL ATIVO - PREVIDÊNCIA,2526347,4711,FFP - MG 
1261,SEE,1 26 1 12 368 162 2 096 0001,PROFISSIONAIS DO ÓRGÃO CENTRAL,3 1 91 13 5,OBRIGAÇÕES PATRONAIS - OBRIGAÇÃO PATRONAL - PESSOAL ATIVO - PREVIDÊNCIA,27416439,4711,FFP - MG 
1261,SEE,1 26 1 12 368 162 2 097 0001,PROFISSIONAIS DAS SUPERINTENDÊNCIAS REGIONAIS DE ENSINO - SRE,3 1 91 13 5,OBRIGAÇÕES PATRONAIS - OBRIGAÇÃO PATRONAL - PESSOAL ATIVO - PREVIDÊNCIA,172725809,4711,FFP - MG 
1261,SEE,1 26 1 12 368 162 2 098 0001,PROFISSIONAIS DO CONSELHO ESTADUAL DE EDUCAÇÃO,3 1 91 13 5,OBRIGAÇÕES PATRONAIS - OBRIGAÇÃO PATRONAL - PESSOAL ATIVO - PREVIDÊNCIA,2028554,4711,FFP - MG 
1261,SEE,1 26 1 12 367 162 2 100 0001,EDUCAÇÃO ESPECIAL - PROFISSIONAIS DO MAGISTÉRIO,3 1 91 13 5,OBRIGAÇÕES PATRONAIS - OBRIGAÇÃO PATRONAL - PESSOAL ATIVO - PREVIDÊNCIA,56782962,4711,FFP - MG 
2061,FJP,2 06 1 12 122 705 2 417 0001,REMUNERAÇÃO DE PESSOAL ATIVO E ENCARGOS SOCIAIS,3 1 91 13 5,OBRIGAÇÕES PATRONAIS - OBRIGAÇÃO PATRONAL - PESSOAL ATIVO - PREVIDÊNCIA,7258246,4711,FFP - MG 
2061,FJP,2 06 1 12 122 705 2 417 0001,REMUNERAÇÃO DE PESSOAL ATIVO E ENCARGOS SOCIAIS,3 1 91 13 26,OBRIGAÇÕES PATRONAIS - OBRIGAÇÃO PATRONAL SUPLEMENTAR  PESSOAL ATIVO,5772995,4711,FFP - MG 
2211,TV MINAS,2 21 1 13 131 705 2 417 0001,REMUNERAÇÃO DE PESSOAL ATIVO E ENCARGOS SOCIAIS,3 1 91 13 26,OBRIGAÇÕES PATRONAIS - OBRIGAÇÃO PATRONAL SUPLEMENTAR  PESSOAL ATIVO,2147611,4711,FFP - MG 
2431,AGÊNCIA RMBH,2 43 1 15 122 705 2 417 0001,REMUNERAÇÃO DE PESSOAL ATIVO E ENCARGOS SOCIAIS,3 1 91 13 5,OBRIGAÇÕES PATRONAIS - OBRIGAÇÃO PATRONAL - PESSOAL ATIVO - PREVIDÊNCIA,412732,4711,FFP - MG 
2011,IPSEMG,2 01 1 10 122 705 2 417 0001,REMUNERAÇÃO DE PESSOAL ATIVO E ENCARGOS SOCIAIS,3 1 91 13 5,OBRIGAÇÕES PATRONAIS - OBRIGAÇÃO PATRONAL - PESSOAL ATIVO - PREVIDÊNCIA,43801020,4711,FFP - MG 
2011,IPSEMG,2 01 1 10 122 705 2 417 0001,REMUNERAÇÃO DE PESSOAL ATIVO E ENCARGOS SOCIAIS,3 1 91 13 26,OBRIGAÇÕES PATRONAIS - OBRIGAÇÃO PATRONAL SUPLEMENTAR  PESSOAL ATIVO,37813988,4711,FFP - MG 
1071,GABINETE MILITAR,1 07 1 06 122 705 2 417 0001,REMUNERAÇÃO DE PESSOAL ATIVO E ENCARGOS SOCIAIS,3 1 91 13 26,OBRIGAÇÕES PATRONAIS - OBRIGAÇÃO PATRONAL SUPLEMENTAR  PESSOAL ATIVO,431713,4711,FFP - MG 
1631,SEC. GERAL,1 63 1 04 122 705 2 417 0001,REMUNERAÇÃO DE PESSOAL ATIVO E ENCARGOS SOCIAIS,3 1 91 13 5,OBRIGAÇÕES PATRONAIS - OBRIGAÇÃO PATRONAL - PESSOAL ATIVO - PREVIDÊNCIA,692886,4711,FFP - MG 
1631,SEC. GERAL,1 63 1 04 122 705 2 417 0001,REMUNERAÇÃO DE PESSOAL ATIVO E ENCARGOS SOCIAIS,3 1 91 13 26,OBRIGAÇÕES PATRONAIS - OBRIGAÇÃO PATRONAL SUPLEMENTAR  PESSOAL ATIVO,356942,4711,FFP - MG 
1711,SECOM,1 71 1 04 122 705 2 417 0001,REMUNERAÇÃO DE PESSOAL ATIVO E ENCARGOS SOCIAIS,3 1 91 13 5,OBRIGAÇÕES PATRONAIS - OBRIGAÇÃO PATRONAL - PESSOAL ATIVO - PREVIDÊNCIA,569674,4711,FFP - MG 
2071,FAPEMIG,2 07 1 19 571 705 2 417 0001,REMUNERAÇÃO DE PESSOAL ATIVO E ENCARGOS SOCIAIS,3 1 91 13 26,OBRIGAÇÕES PATRONAIS - OBRIGAÇÃO PATRONAL SUPLEMENTAR  PESSOAL ATIVO,982154,4711,FFP - MG 
2201,IEPHA,2 20 1 13 122 705 2 417 0001,REMUNERAÇÃO DE PESSOAL ATIVO E ENCARGOS SOCIAIS,3 1 91 13 26,OBRIGAÇÕES PATRONAIS - OBRIGAÇÃO PATRONAL SUPLEMENTAR  PESSOAL ATIVO,1131921,4711,FFP - MG 
1371,SEMAD,1 37 1 18 122 705 2 417 0001,REMUNERAÇÃO DE PESSOAL ATIVO E ENCARGOS SOCIAIS,3 1 91 13 5,OBRIGAÇÕES PATRONAIS - OBRIGAÇÃO PATRONAL - PESSOAL ATIVO - PREVIDÊNCIA,33058551,4711,FFP - MG 
2441,ARSAE -MG,2 44 1 17 122 705 2 417 0001,REMUNERAÇÃO DE PESSOAL ATIVO E ENCARGOS SOCIAIS,3 1 91 13 5,OBRIGAÇÕES PATRONAIS - OBRIGAÇÃO PATRONAL - PESSOAL ATIVO - PREVIDÊNCIA,2550000,4711,FFP - MG 
1711,SECOM,1 71 1 04 122 705 2 417 0001,REMUNERAÇÃO DE PESSOAL ATIVO E ENCARGOS SOCIAIS,3 1 91 13 26,OBRIGAÇÕES PATRONAIS - OBRIGAÇÃO PATRONAL SUPLEMENTAR  PESSOAL ATIVO,466097,4711,FFP - MG 
2071,FAPEMIG,2 07 1 19 571 705 2 417 0001,REMUNERAÇÃO DE PESSOAL ATIVO E ENCARGOS SOCIAIS,3 1 91 13 5,OBRIGAÇÕES PATRONAIS - OBRIGAÇÃO PATRONAL - PESSOAL ATIVO - PREVIDÊNCIA,1437754,4711,FFP - MG 
1081,AGE,1 08 1 03 122 705 2 417 0001,REMUNERAÇÃO DE PESSOAL ATIVO E ENCARGOS SOCIAIS,3 1 91 13 5,OBRIGAÇÕES PATRONAIS - OBRIGAÇÃO PATRONAL - PESSOAL ATIVO - PREVIDÊNCIA,111467598,4711,FFP - MG 
2201,IEPHA,2 20 1 13 122 705 2 417 0001,REMUNERAÇÃO DE PESSOAL ATIVO E ENCARGOS SOCIAIS,3 1 91 13 5,OBRIGAÇÕES PATRONAIS - OBRIGAÇÃO PATRONAL - PESSOAL ATIVO - PREVIDÊNCIA,1383459,4711,FFP - MG 
2251,JUCEMG,2 25 1 23 122 705 2 417 0001,REMUNERAÇÃO DE PESSOAL ATIVO E ENCARGOS SOCIAIS,3 1 91 13 5,OBRIGAÇÕES PATRONAIS - OBRIGAÇÃO PATRONAL - PESSOAL ATIVO - PREVIDÊNCIA,2152340,4711,FFP - MG 
2251,JUCEMG,2 25 1 23 122 705 2 417 0001,REMUNERAÇÃO DE PESSOAL ATIVO E ENCARGOS SOCIAIS,3 1 91 13 26,OBRIGAÇÕES PATRONAIS - OBRIGAÇÃO PATRONAL SUPLEMENTAR  PESSOAL ATIVO,1917991,4711,FFP - MG 
1721,SCC,1 72 1 04 122 705 2 417 0001,REMUNERAÇÃO DE PESSOAL ATIVO E ENCARGOS SOCIAIS,3 1 91 13 5,OBRIGAÇÕES PATRONAIS - OBRIGAÇÃO PATRONAL - PESSOAL ATIVO - PREVIDÊNCIA,989496,4711,FFP - MG 
1221,SEDE,1 22 1 23 122 705 2 417 0001,REMUNERAÇÃO DE PESSOAL ATIVO E ENCARGOS SOCIAIS,3 1 91 13 5,OBRIGAÇÕES PATRONAIS - OBRIGAÇÃO PATRONAL - PESSOAL ATIVO - PREVIDÊNCIA,1679035,4711,FFP - MG 
1221,SEDE,1 22 1 23 122 705 2 417 0001,REMUNERAÇÃO DE PESSOAL ATIVO E ENCARGOS SOCIAIS,3 1 91 13 26,OBRIGAÇÕES PATRONAIS - OBRIGAÇÃO PATRONAL SUPLEMENTAR  PESSOAL ATIVO,1319242,4711,FFP - MG 
2441,ARSAE -MG,2 44 1 17 122 705 2 417 0001,REMUNERAÇÃO DE PESSOAL ATIVO E ENCARGOS SOCIAIS,3 1 91 13 26,OBRIGAÇÕES PATRONAIS - OBRIGAÇÃO PATRONAL SUPLEMENTAR  PESSOAL ATIVO,1869218,4711,FFP - MG 
2441,ARSAE -MG,2 44 1 17 122 705 2 417 0001,REMUNERAÇÃO DE PESSOAL ATIVO E ENCARGOS SOCIAIS,3 1 91 13 21,OBRIGAÇÕES PATRONAIS - OBRIGAÇÃO PATRONAL - PESSOAL ATIVO - ASSISTÊNCIA À SAÚDE,66000,4711,FFP - MG 
2301,DER-MG,2 30 1 26 782 705 2 417 0001,REMUNERAÇÃO DE PESSOAL ATIVO E ENCARGOS SOCIAIS,3 1 91 13 26,OBRIGAÇÕES PATRONAIS - OBRIGAÇÃO PATRONAL SUPLEMENTAR  PESSOAL ATIVO,15546888,4711,FFP - MG 
2301,DER-MG,2 30 1 26 782 705 2 417 0001,REMUNERAÇÃO DE PESSOAL ATIVO E ENCARGOS SOCIAIS,3 1 91 13 5,OBRIGAÇÕES PATRONAIS - OBRIGAÇÃO PATRONAL - PESSOAL ATIVO - PREVIDÊNCIA,18202340,4711,FFP - MG 
1501,SEPLAG,1 50 1 04 122 705 2 417 0001,REMUNERAÇÃO DE PESSOAL ATIVO E ENCARGOS SOCIAIS,3 1 91 13 5,OBRIGAÇÕES PATRONAIS - OBRIGAÇÃO PATRONAL - PESSOAL ATIVO - PREVIDÊNCIA,27475818,4711,FFP - MG 
1501,SEPLAG,1 50 1 04 122 705 2 417 0001,REMUNERAÇÃO DE PESSOAL ATIVO E ENCARGOS SOCIAIS,3 1 91 13 26,OBRIGAÇÕES PATRONAIS - OBRIGAÇÃO PATRONAL SUPLEMENTAR  PESSOAL ATIVO,25423504,4711,FFP - MG 
1191,SEF,1 19 1 04 122 705 2 417 0001,REMUNERAÇÃO DE PESSOAL ATIVO E ENCARGOS SOCIAIS,3 1 91 13 5,OBRIGAÇÕES PATRONAIS - OBRIGAÇÃO PATRONAL - PESSOAL ATIVO - PREVIDÊNCIA,248095896,4711,FFP - MG 
1191,SEF,1 19 1 04 122 705 2 417 0001,REMUNERAÇÃO DE PESSOAL ATIVO E ENCARGOS SOCIAIS,3 1 91 13 26,OBRIGAÇÕES PATRONAIS - OBRIGAÇÃO PATRONAL SUPLEMENTAR  PESSOAL ATIVO,181287904,4711,FFP - MG 
1451,SEJUSP,1 45 1 06 122 705 2 417 0001,REMUNERAÇÃO DE PESSOAL ATIVO E ENCARGOS SOCIAIS,3 1 91 13 5,OBRIGAÇÕES PATRONAIS - OBRIGAÇÃO PATRONAL - PESSOAL ATIVO - PREVIDÊNCIA,520780129,4711,FFP - MG 
1451,SEJUSP,1 45 1 06 122 705 2 417 0001,REMUNERAÇÃO DE PESSOAL ATIVO E ENCARGOS SOCIAIS,3 1 91 13 26,OBRIGAÇÕES PATRONAIS - OBRIGAÇÃO PATRONAL SUPLEMENTAR  PESSOAL ATIVO,444941910,4711,FFP - MG 
2041,LEMG,2 04 1 23 122 705 2 417 0001,REMUNERAÇÃO DE PESSOAL ATIVO E ENCARGOS SOCIAIS,3 1 91 13 26,OBRIGAÇÕES PATRONAIS - OBRIGAÇÃO PATRONAL SUPLEMENTAR  PESSOAL ATIVO,238013,4711,FFP - MG 
2041,LEMG,2 04 1 23 122 705 2 417 0001,REMUNERAÇÃO DE PESSOAL ATIVO E ENCARGOS SOCIAIS,3 1 91 13 5,OBRIGAÇÕES PATRONAIS - OBRIGAÇÃO PATRONAL - PESSOAL ATIVO - PREVIDÊNCIA,265262,4711,FFP - MG 
2481,DETRANMG,2 48 1 04 122 705 2 417 0001,REMUNERAÇÃO DE PESSOAL ATIVO E ENCARGOS SOCIAIS,3 1 91 13 26,OBRIGAÇÕES PATRONAIS - OBRIGAÇÃO PATRONAL SUPLEMENTAR  PESSOAL ATIVO,2890776,4711,FFP - MG 
2481,DETRANMG,2 48 1 04 122 705 2 417 0001,REMUNERAÇÃO DE PESSOAL ATIVO E ENCARGOS SOCIAIS,3 1 91 13 5,OBRIGAÇÕES PATRONAIS - OBRIGAÇÃO PATRONAL - PESSOAL ATIVO - PREVIDÊNCIA,3276445,4711,FFP - MG 
2241,IGAM,2 24 1 18 122 705 2 417 0001,REMUNERAÇÃO DE PESSOAL ATIVO E ENCARGOS SOCIAIS,3 1 91 13 5,OBRIGAÇÕES PATRONAIS - OBRIGAÇÃO PATRONAL - PESSOAL ATIVO - PREVIDÊNCIA,7959093,4711,FFP - MG 
1491,SEGOV,1 49 1 04 122 705 2 417 0001,REMUNERAÇÃO DE PESSOAL ATIVO E ENCARGOS SOCIAIS,3 1 91 13 5,OBRIGAÇÕES PATRONAIS - OBRIGAÇÃO PATRONAL - PESSOAL ATIVO - PREVIDÊNCIA,7815424,4711,FFP - MG 
2091,FEAM,2 09 1 18 122 705 2 417 0001,REMUNERAÇÃO DE PESSOAL ATIVO E ENCARGOS SOCIAIS,3 1 91 13 5,OBRIGAÇÕES PATRONAIS - OBRIGAÇÃO PATRONAL - PESSOAL ATIVO - PREVIDÊNCIA,7769993,4711,FFP - MG 
2091,FEAM,2 09 1 18 122 705 2 417 0001,REMUNERAÇÃO DE PESSOAL ATIVO E ENCARGOS SOCIAIS,3 1 91 13 26,OBRIGAÇÕES PATRONAIS - OBRIGAÇÃO PATRONAL SUPLEMENTAR  PESSOAL ATIVO,6410000,4711,FFP - MG 
1301,SEINFRA,1 30 1 15 451 705 2 417 0001,REMUNERAÇÃO DE PESSOAL ATIVO E ENCARGOS SOCIAIS,3 1 91 13 5,OBRIGAÇÕES PATRONAIS - OBRIGAÇÃO PATRONAL - PESSOAL ATIVO - PREVIDÊNCIA,8634359,4711,FFP - MG 
1101,OGE,1 10 1 14 122 705 2 417 0001,REMUNERAÇÃO DE PESSOAL ATIVO E ENCARGOS SOCIAIS,3 1 91 13 5,OBRIGAÇÕES PATRONAIS - OBRIGAÇÃO PATRONAL - PESSOAL ATIVO - PREVIDÊNCIA,2306636,4711,FFP - MG 
1101,OGE,1 10 1 14 122 705 2 417 0001,REMUNERAÇÃO DE PESSOAL ATIVO E ENCARGOS SOCIAIS,3 1 91 13 26,OBRIGAÇÕES PATRONAIS - OBRIGAÇÃO PATRONAL SUPLEMENTAR  PESSOAL ATIVO,1867438,4711,FFP - MG 
1271,SECULT,1 27 1 13 122 705 2 417 0001,REMUNERAÇÃO DE PESSOAL ATIVO E ENCARGOS SOCIAIS,3 1 91 13 5,OBRIGAÇÕES PATRONAIS - OBRIGAÇÃO PATRONAL - PESSOAL ATIVO - PREVIDÊNCIA,2647172,4711,FFP - MG 
1271,SECULT,1 27 1 13 122 705 2 417 0001,REMUNERAÇÃO DE PESSOAL ATIVO E ENCARGOS SOCIAIS,3 1 91 13 26,OBRIGAÇÕES PATRONAIS - OBRIGAÇÃO PATRONAL SUPLEMENTAR  PESSOAL ATIVO,2714333,4711,FFP - MG 
2181,FCS,2 18 1 13 122 705 2 417 0001,REMUNERAÇÃO DE PESSOAL ATIVO E ENCARGOS SOCIAIS,3 1 91 13 5,OBRIGAÇÕES PATRONAIS - OBRIGAÇÃO PATRONAL - PESSOAL ATIVO - PREVIDÊNCIA,4546285,4711,FFP - MG 
1511,PCMG,1 51 1 06 122 705 2 417 0001,REMUNERAÇÃO DE PESSOAL ATIVO E ENCARGOS SOCIAIS,3 1 91 13 5,OBRIGAÇÕES PATRONAIS - OBRIGAÇÃO PATRONAL - PESSOAL ATIVO - PREVIDÊNCIA,529555367,4711,FFP - MG 
1511,PCMG,1 51 1 06 122 705 2 417 0001,REMUNERAÇÃO DE PESSOAL ATIVO E ENCARGOS SOCIAIS,3 1 91 13 26,OBRIGAÇÕES PATRONAIS - OBRIGAÇÃO PATRONAL SUPLEMENTAR  PESSOAL ATIVO,369940677,4711,FFP - MG 
2321,HEMOMINAS,2 32 1 10 122 705 2 417 0001,REMUNERAÇÃO DE PESSOAL ATIVO E ENCARGOS SOCIAIS,3 1 91 13 5,OBRIGAÇÕES PATRONAIS - OBRIGAÇÃO PATRONAL - PESSOAL ATIVO - PREVIDÊNCIA,23603941,4711,FFP - MG 
2321,HEMOMINAS,2 32 1 10 122 705 2 417 0001,REMUNERAÇÃO DE PESSOAL ATIVO E ENCARGOS SOCIAIS,3 1 91 13 26,OBRIGAÇÕES PATRONAIS - OBRIGAÇÃO PATRONAL SUPLEMENTAR  PESSOAL ATIVO,19862346,4711,FFP - MG 
2371,IMA,2 37 1 20 122 705 2 417 0001,REMUNERAÇÃO DE PESSOAL ATIVO E ENCARGOS SOCIAIS,3 1 91 13 5,OBRIGAÇÕES PATRONAIS - OBRIGAÇÃO PATRONAL - PESSOAL ATIVO - PREVIDÊNCIA,72019088,4711,FFP - MG 
1231,SEAPA,1 23 1 20 122 705 2 417 0001,REMUNERAÇÃO DE PESSOAL ATIVO E ENCARGOS SOCIAIS,3 1 91 13 26,OBRIGAÇÕES PATRONAIS - OBRIGAÇÃO PATRONAL SUPLEMENTAR  PESSOAL ATIVO,1583999,4711,FFP - MG 
1231,SEAPA,1 23 1 20 122 705 2 417 0001,REMUNERAÇÃO DE PESSOAL ATIVO E ENCARGOS SOCIAIS,3 1 91 13 5,OBRIGAÇÕES PATRONAIS - OBRIGAÇÃO PATRONAL - PESSOAL ATIVO - PREVIDÊNCIA,1993943,4711,FFP - MG 
2331,IPEMMG,2 33 1 23 122 705 2 417 0001,REMUNERAÇÃO DE PESSOAL ATIVO E ENCARGOS SOCIAIS,3 1 91 13 5,OBRIGAÇÕES PATRONAIS - OBRIGAÇÃO PATRONAL - PESSOAL ATIVO - PREVIDÊNCIA,2415266,4711,FFP - MG 
2331,IPEMMG,2 33 1 23 122 705 2 417 0001,REMUNERAÇÃO DE PESSOAL ATIVO E ENCARGOS SOCIAIS,3 1 91 13 26,OBRIGAÇÕES PATRONAIS - OBRIGAÇÃO PATRONAL SUPLEMENTAR  PESSOAL ATIVO,2241297,4711,FFP - MG 
2281,UTRAMIG,2 28 1 12 363 705 2 417 0001,REMUNERAÇÃO DE PESSOAL ATIVO E ENCARGOS SOCIAIS,3 1 91 13 5,OBRIGAÇÕES PATRONAIS - OBRIGAÇÃO PATRONAL - PESSOAL ATIVO - PREVIDÊNCIA,211571,4711,FFP - MG 
1521,CGE,1 52 1 04 122 705 2 417 0001,REMUNERAÇÃO DE PESSOAL ATIVO E ENCARGOS SOCIAIS,3 1 91 13 26,OBRIGAÇÕES PATRONAIS - OBRIGAÇÃO PATRONAL SUPLEMENTAR  PESSOAL ATIVO,8739108,4711,FFP - MG 
2281,UTRAMIG,2 28 1 12 363 705 2 417 0001,REMUNERAÇÃO DE PESSOAL ATIVO E ENCARGOS SOCIAIS,3 1 91 13 26,OBRIGAÇÕES PATRONAIS - OBRIGAÇÃO PATRONAL SUPLEMENTAR  PESSOAL ATIVO,169769,4711,FFP - MG 
1541,ESP MG,1 54 1 10 122 705 2 417 0001,REMUNERAÇÃO DE PESSOAL ATIVO E ENCARGOS SOCIAIS,3 1 91 13 5,OBRIGAÇÕES PATRONAIS - OBRIGAÇÃO PATRONAL - PESSOAL ATIVO - PREVIDÊNCIA,4937904,4711,FFP - MG 
2261,FUNED,2 26 1 10 303 705 2 417 0001,REMUNERAÇÃO DE PESSOAL ATIVO E ENCARGOS SOCIAIS,3 1 91 13 5,OBRIGAÇÕES PATRONAIS - OBRIGAÇÃO PATRONAL - PESSOAL ATIVO - PREVIDÊNCIA,26472554,4711,FFP - MG 
1521,CGE,1 52 1 04 122 705 2 417 0001,REMUNERAÇÃO DE PESSOAL ATIVO E ENCARGOS SOCIAIS,3 1 91 13 5,OBRIGAÇÕES PATRONAIS - OBRIGAÇÃO PATRONAL - PESSOAL ATIVO - PREVIDÊNCIA,11200000,4711,FFP - MG 
2471,ARTEMIG,2 47 1 04 122 705 2 417 0001,REMUNERAÇÃO DE PESSOAL ATIVO E ENCARGOS SOCIAIS,3 1 91 13 5,OBRIGAÇÕES PATRONAIS - OBRIGAÇÃO PATRONAL - PESSOAL ATIVO - PREVIDÊNCIA,1869051,4711,FFP - MG 
1481,SEDESE,1 48 1 14 122 705 2 417 0001,REMUNERAÇÃO DE PESSOAL ATIVO E ENCARGOS SOCIAIS,3 1 91 13 5,OBRIGAÇÕES PATRONAIS - OBRIGAÇÃO PATRONAL - PESSOAL ATIVO - PREVIDÊNCIA,8932522,4711,FFP - MG 
2101,IEF,2 10 1 18 122 705 2 417 0001,REMUNERAÇÃO DE PESSOAL ATIVO E ENCARGOS SOCIAIS,3 1 91 13 5,OBRIGAÇÕES PATRONAIS - OBRIGAÇÃO PATRONAL - PESSOAL ATIVO - PREVIDÊNCIA,36284740,4711,FFP - MG 
4291,FES,4 29 1 10 122 705 2 417 0001,REMUNERAÇÃO DE PESSOAL ATIVO E ENCARGOS SOCIAIS,3 1 91 13 5,OBRIGAÇÕES PATRONAIS - OBRIGAÇÃO PATRONAL - PESSOAL ATIVO - PREVIDÊNCIA,100132631,4711,FFP - MG 
2271,FHEMIG,2 27 1 10 122 705 2 417 0001,REMUNERAÇÃO DE PESSOAL ATIVO E ENCARGOS SOCIAIS,3 1 91 13 5,OBRIGAÇÕES PATRONAIS - OBRIGAÇÃO PATRONAL - PESSOAL ATIVO - PREVIDÊNCIA,202698402,4711,FFP - MG 
2271,FHEMIG,2 27 1 10 122 705 2 417 0001,REMUNERAÇÃO DE PESSOAL ATIVO E ENCARGOS SOCIAIS,3 1 91 13 26,OBRIGAÇÕES PATRONAIS - OBRIGAÇÃO PATRONAL SUPLEMENTAR  PESSOAL ATIVO,175640576,4711,FFP - MG 
2311,UNIMONTES,2 31 1 12 122 705 2 417 0001,REMUNERAÇÃO DE PESSOAL ATIVO E ENCARGOS SOCIAIS,3 1 91 13 5,OBRIGAÇÕES PATRONAIS - OBRIGAÇÃO PATRONAL - PESSOAL ATIVO - PREVIDÊNCIA,46077028,4711,FFP - MG 
2161,FUCAM,2 16 1 12 122 705 2 417 0001,REMUNERAÇÃO DE PESSOAL ATIVO E ENCARGOS SOCIAIS,3 1 91 13 5,OBRIGAÇÕES PATRONAIS - OBRIGAÇÃO PATRONAL - PESSOAL ATIVO - PREVIDÊNCIA,351595,4711,FFP - MG 
2351,UEMG,2 35 1 12 122 705 2 417 0001,REMUNERAÇÃO DE PESSOAL ATIVO E ENCARGOS SOCIAIS,3 1 91 13 5,OBRIGAÇÕES PATRONAIS - OBRIGAÇÃO PATRONAL - PESSOAL ATIVO - PREVIDÊNCIA,33339096,4711,FFP - MG 
2351,UEMG,2 35 1 12 122 705 2 417 0001,REMUNERAÇÃO DE PESSOAL ATIVO E ENCARGOS SOCIAIS,3 1 91 13 26,OBRIGAÇÕES PATRONAIS - OBRIGAÇÃO PATRONAL SUPLEMENTAR  PESSOAL ATIVO,27958850,4711,FFP - MG 
2311,UNIMONTES,2 31 1 12 122 705 2 417 0001,REMUNERAÇÃO DE PESSOAL ATIVO E ENCARGOS SOCIAIS,3 1 91 13 26,OBRIGAÇÕES PATRONAIS - OBRIGAÇÃO PATRONAL SUPLEMENTAR  PESSOAL ATIVO,36463652,4711,FFP - MG 
2161,FUCAM,2 16 1 12 122 705 2 417 0001,REMUNERAÇÃO DE PESSOAL ATIVO E ENCARGOS SOCIAIS,3 1 91 13 26,OBRIGAÇÕES PATRONAIS - OBRIGAÇÃO PATRONAL SUPLEMENTAR  PESSOAL ATIVO,337281,4711,FFP - MG 
2171,FAOP,2 17 1 13 122 705 2 417 0001,REMUNERAÇÃO DE PESSOAL ATIVO E ENCARGOS SOCIAIS,3 1 91 13 5,OBRIGAÇÕES PATRONAIS - OBRIGAÇÃO PATRONAL - PESSOAL ATIVO - PREVIDÊNCIA,465296,4711,FFP - MG 
2461,ARMVA,2 46 1 15 122 705 2 417 0001,REMUNERAÇÃO DE PESSOAL ATIVO E ENCARGOS SOCIAIS,3 1 91 13 5,OBRIGAÇÕES PATRONAIS - OBRIGAÇÃO PATRONAL - PESSOAL ATIVO - PREVIDÊNCIA,67575,4711,FFP - MG 
2461,ARMVA,2 46 1 15 122 705 2 417 0001,REMUNERAÇÃO DE PESSOAL ATIVO E ENCARGOS SOCIAIS,3 1 91 13 26,OBRIGAÇÕES PATRONAIS - OBRIGAÇÃO PATRONAL SUPLEMENTAR  PESSOAL ATIVO,54600,4711,FFP - MG 
2121,IPSM,2 12 1 09 122 705 2 417 0001,REMUNERAÇÃO DE PESSOAL ATIVO E ENCARGOS SOCIAIS,3 1 91 13 26,OBRIGAÇÕES PATRONAIS - OBRIGAÇÃO PATRONAL SUPLEMENTAR  PESSOAL ATIVO,1128788,4711,FFP - MG 
2121,IPSM,2 12 1 09 122 705 2 417 0001,REMUNERAÇÃO DE PESSOAL ATIVO E ENCARGOS SOCIAIS,3 1 91 13 5,OBRIGAÇÕES PATRONAIS - OBRIGAÇÃO PATRONAL - PESSOAL ATIVO - PREVIDÊNCIA,1189510,4711,FFP - MG 
1401,CBMMG,1 40 1 06 122 705 2 500 0001,ASSESSORAMENTO E GERENCIAMENTO DE POLÍTICAS PÚBLICAS,3 1 91 13 5,OBRIGAÇÕES PATRONAIS - OBRIGAÇÃO PATRONAL - PESSOAL ATIVO - PREVIDÊNCIA,45728,4711,FFP - MG 
2421,IDENE,2 42 1 20 122 705 2 500 0001,ASSESSORAMENTO E GERENCIAMENTO DE POLÍTICAS PÚBLICAS,3 1 91 13 5,OBRIGAÇÕES PATRONAIS - OBRIGAÇÃO PATRONAL - PESSOAL ATIVO - PREVIDÊNCIA,378496,4711,FFP - MG 
2421,IDENE,2 42 1 20 122 705 2 500 0001,ASSESSORAMENTO E GERENCIAMENTO DE POLÍTICAS PÚBLICAS,3 1 91 13 26,OBRIGAÇÕES PATRONAIS - OBRIGAÇÃO PATRONAL SUPLEMENTAR  PESSOAL ATIVO,346033,4711,FFP - MG 
1251,PMMG,1 25 1 06 122 705 2 500 0001,ASSESSORAMENTO E GERENCIAMENTO DE POLÍTICAS PÚBLICAS,3 1 91 13 5,OBRIGAÇÕES PATRONAIS - OBRIGAÇÃO PATRONAL - PESSOAL ATIVO - PREVIDÊNCIA,582815,4711,FFP - MG 
2151,FHA,2 15 1 12 122 705 2 500 0001,ASSESSORAMENTO E GERENCIAMENTO DE POLÍTICAS PÚBLICAS,3 1 91 13 5,OBRIGAÇÕES PATRONAIS - OBRIGAÇÃO PATRONAL - PESSOAL ATIVO - PREVIDÊNCIA,574384,4711,FFP - MG 
2121,IPSM,2 12 1 09 272 008 4 010 0001,CONCESSÃO DE AUXÍLIOS PREVIDENCIÁRIOS E ASSISTENCIAIS AOS SEGURADOS E AOS SEUS DEPENDENTES,3 1 91 13 5,OBRIGAÇÕES PATRONAIS - OBRIGAÇÃO PATRONAL - PESSOAL ATIVO - PREVIDÊNCIA,66391,4711,FFP - MG 
2121,IPSM,2 12 1 09 272 008 4 010 0001,CONCESSÃO DE AUXÍLIOS PREVIDENCIÁRIOS E ASSISTENCIAIS AOS SEGURADOS E AOS SEUS DEPENDENTES,3 1 91 13 26,OBRIGAÇÕES PATRONAIS - OBRIGAÇÃO PATRONAL SUPLEMENTAR  PESSOAL ATIVO,62270,4711,FFP - MG 
2121,IPSM,2 12 1 09 272 008 4 011 0001,AUXÍLIO RECLUSÃO CONCEDIDO AOS DEPENDENTES DO SEGURADO,3 1 91 13 5,OBRIGAÇÕES PATRONAIS - OBRIGAÇÃO PATRONAL - PESSOAL ATIVO - PREVIDÊNCIA,65131,4711,FFP - MG 
2121,IPSM,2 12 1 09 272 008 4 011 0001,AUXÍLIO RECLUSÃO CONCEDIDO AOS DEPENDENTES DO SEGURADO,3 1 91 13 26,OBRIGAÇÕES PATRONAIS - OBRIGAÇÃO PATRONAL SUPLEMENTAR  PESSOAL ATIVO,60852,4711,FFP - MG 
2151,FHA,2 15 1 12 368 042 4 077 0001,EDUCAÇÃO BÁSICA: AMPLIAÇÃO DA JORNADA ESCOLAR,3 1 91 13 5,OBRIGAÇÕES PATRONAIS - OBRIGAÇÃO PATRONAL - PESSOAL ATIVO - PREVIDÊNCIA,165481,4711,FFP - MG 
2151,FHA,2 15 1 12 361 042 4 078 0001,ENSINO FUNDAMENTAL,3 1 91 13 5,OBRIGAÇÕES PATRONAIS - OBRIGAÇÃO PATRONAL - PESSOAL ATIVO - PREVIDÊNCIA,1460494,4711,FFP - MG 
2151,FHA,2 15 1 12 362 042 4 080 0001,ENSINO MÉDIO REGULAR,3 1 91 13 5,OBRIGAÇÕES PATRONAIS - OBRIGAÇÃO PATRONAL - PESSOAL ATIVO - PREVIDÊNCIA,880753,4711,FFP - MG 
2151,FHA,2 15 1 12 244 051 4 093 0001,ATENDIMENTO INDIVIDUAL NA CLÍNICA PSICOPEDAGÓGICA ÉDOUARD CLAPARÉDE,3 1 91 13 5,OBRIGAÇÕES PATRONAIS - OBRIGAÇÃO PATRONAL - PESSOAL ATIVO - PREVIDÊNCIA,138834,4711,FFP - MG 
1481,SEDESE,1 48 1 11 334 066 4 153 0001,ASSESSORAMENTO DAS UNIDADES DE ATENDIMENTO AO TRABALHADOR,3 1 91 13 5,OBRIGAÇÕES PATRONAIS - OBRIGAÇÃO PATRONAL - PESSOAL ATIVO - PREVIDÊNCIA,1363255,4711,FFP - MG 
2151,FHA,2 15 1 12 368 042 4 175 0001,FOMENTAR A CULTURA E EDUCAÇÃO NO PLUG MINAS,3 1 91 13 5,OBRIGAÇÕES PATRONAIS - OBRIGAÇÃO PATRONAL - PESSOAL ATIVO - PREVIDÊNCIA,95942,4711,FFP - MG 
1481,SEDESE,1 48 1 14 422 070 4 182 0001,"ARTICULAÇÃO INSTITUCIONAL, MANUTENÇÃO DE EQUIPAMENTOS E POLÍTICAS DE DIREITOS HUMANOS",3 1 91 13 5,OBRIGAÇÕES PATRONAIS - OBRIGAÇÃO PATRONAL - PESSOAL ATIVO - PREVIDÊNCIA,2114992,4711,FFP - MG 
1441,DEF PUB,1 44 1 03 092 726 4 193 0001,REMUNERAÇAO DE PESSOAL ATIVO E ENCARGOS SOCIAIS,3 1 91 13 5,OBRIGAÇÕES PATRONAIS - OBRIGAÇÃO PATRONAL - PESSOAL ATIVO - PREVIDÊNCIA,1353068,4711,FFP - MG 
2151,FHA,2 15 1 12 368 076 4 198 0001,ATENDIMENTO NO ENSINO TECNICO PROFISSIONALIZANTE,3 1 91 13 5,OBRIGAÇÕES PATRONAIS - OBRIGAÇÃO PATRONAL - PESSOAL ATIVO - PREVIDÊNCIA,174913,4711,FFP - MG 
2151,FHA,2 15 1 12 368 076 4 199 0001,ENSINO MÉDIO EM TEMPO INTEGRAL - EMTI,3 1 91 13 5,OBRIGAÇÕES PATRONAIS - OBRIGAÇÃO PATRONAL - PESSOAL ATIVO - PREVIDÊNCIA,227523,4711,FFP - MG 
2151,FHA,2 15 1 12 368 089 4 233 0001, MUSEU HELENA ANTIPOFF,3 1 91 13 5,OBRIGAÇÕES PATRONAIS - OBRIGAÇÃO PATRONAL - PESSOAL ATIVO - PREVIDÊNCIA,66188,4711,FFP - MG 
2151,FHA,2 15 1 12 368 089 4 234 0001,FORMAÇÃO NA PERSPECTIVA ANTIPOFFIANA,3 1 91 13 5,OBRIGAÇÕES PATRONAIS - OBRIGAÇÃO PATRONAL - PESSOAL ATIVO - PREVIDÊNCIA,129771,4711,FFP - MG 
1011,ALMG,1 01 1 01 031 729 4 239 0001,ELABORAÇÃO LEGISLATIVA E ACOMPANHAMENTO DAS POLÍTICAS PÚBLICAS,3 1 91 13 5,OBRIGAÇÕES PATRONAIS - OBRIGAÇÃO PATRONAL - PESSOAL ATIVO - PREVIDÊNCIA,120000000,4711,FFP - MG 
2061,FJP,2 06 1 12 364 091 4 243 0001,FORMAÇÃO DE PESSOAS NO NÍVEL DE GRADUAÇÃO,3 1 91 13 5,OBRIGAÇÕES PATRONAIS - OBRIGAÇÃO PATRONAL - PESSOAL ATIVO - PREVIDÊNCIA,414317,4711,FFP - MG 
2061,FJP,2 06 1 12 364 091 4 243 0001,FORMAÇÃO DE PESSOAS NO NÍVEL DE GRADUAÇÃO,3 1 91 13 26,OBRIGAÇÕES PATRONAIS - OBRIGAÇÃO PATRONAL SUPLEMENTAR  PESSOAL ATIVO,295310,4711,FFP - MG 
2061,FJP,2 06 1 12 364 091 4 245 0001,FORMAÇÃO DE PESSOAS NO NÍVEL DE PÓS-GRADUAÇÃO (STRICTO SENSU),3 1 91 13 5,OBRIGAÇÕES PATRONAIS - OBRIGAÇÃO PATRONAL - PESSOAL ATIVO - PREVIDÊNCIA,479485,4711,FFP - MG 
2061,FJP,2 06 1 12 364 091 4 245 0001,FORMAÇÃO DE PESSOAS NO NÍVEL DE PÓS-GRADUAÇÃO (STRICTO SENSU),3 1 91 13 26,OBRIGAÇÕES PATRONAIS - OBRIGAÇÃO PATRONAL SUPLEMENTAR  PESSOAL ATIVO,361760,4711,FFP - MG 
2061,FJP,2 06 1 12 364 091 4 246 0001,PARTICIPAÇÃO EM EXTENSÃO ACADÊMICA,3 1 91 13 5,OBRIGAÇÕES PATRONAIS - OBRIGAÇÃO PATRONAL - PESSOAL ATIVO - PREVIDÊNCIA,338520,4711,FFP - MG 
2061,FJP,2 06 1 12 364 091 4 246 0001,PARTICIPAÇÃO EM EXTENSÃO ACADÊMICA,3 1 91 13 26,OBRIGAÇÕES PATRONAIS - OBRIGAÇÃO PATRONAL SUPLEMENTAR  PESSOAL ATIVO,255552,4711,FFP - MG 
2421,IDENE,2 42 1 20 608 124 4 325 0001,PROMOÇÃO DO DESENVOLVIMENTO SOCIOECONÔMICO DO NORTE E NORDESTE DE MINAS GERAIS,3 1 91 13 5,OBRIGAÇÕES PATRONAIS - OBRIGAÇÃO PATRONAL - PESSOAL ATIVO - PREVIDÊNCIA,180948,4711,FFP - MG 
2421,IDENE,2 42 1 20 608 124 4 325 0001,PROMOÇÃO DO DESENVOLVIMENTO SOCIOECONÔMICO DO NORTE E NORDESTE DE MINAS GERAIS,3 1 91 13 26,OBRIGAÇÕES PATRONAIS - OBRIGAÇÃO PATRONAL SUPLEMENTAR  PESSOAL ATIVO,165428,4711,FFP - MG 
1451,SEJUSP,1 45 1 10 421 130 4 353 0001,UNIDADES DE SAÚDE DO SISTEMA PRISIONAL,3 1 91 13 26,OBRIGAÇÕES PATRONAIS - OBRIGAÇÃO PATRONAL SUPLEMENTAR  PESSOAL ATIVO,17859229,4711,FFP - MG 
1451,SEJUSP,1 45 1 10 421 130 4 353 0001,UNIDADES DE SAÚDE DO SISTEMA PRISIONAL,3 1 91 13 5,OBRIGAÇÕES PATRONAIS - OBRIGAÇÃO PATRONAL - PESSOAL ATIVO - PREVIDÊNCIA,22147822,4711,FFP - MG 
1231,SEAPA,1 23 1 21 605 110 4 363 0001,REGULARIZAÇÃO FUNDIÁRIA DE IMÓVEIS RURAIS,3 1 91 13 26,OBRIGAÇÕES PATRONAIS - OBRIGAÇÃO PATRONAL SUPLEMENTAR  PESSOAL ATIVO,132276,4711,FFP - MG 
1231,SEAPA,1 23 1 21 605 110 4 363 0001,REGULARIZAÇÃO FUNDIÁRIA DE IMÓVEIS RURAIS,3 1 91 13 5,OBRIGAÇÕES PATRONAIS - OBRIGAÇÃO PATRONAL - PESSOAL ATIVO - PREVIDÊNCIA,173370,4711,FFP - MG 
1251,PMMG,1 25 1 06 181 137 4 365 0001,POLICIAMENTO OSTENSIVO GERAL,3 1 91 13 5,OBRIGAÇÕES PATRONAIS - OBRIGAÇÃO PATRONAL - PESSOAL ATIVO - PREVIDÊNCIA,21868020,4711,FFP - MG 
1251,PMMG,1 25 1 06 181 046 4 372 0001,SUPORTE AÉREO AOS SERVIÇOS DE SEGURANÇA PÚBLICA,3 1 91 13 5,OBRIGAÇÕES PATRONAIS - OBRIGAÇÃO PATRONAL - PESSOAL ATIVO - PREVIDÊNCIA,34869,4711,FFP - MG 
1251,PMMG,1 25 1 06 181 137 4 374 0001,POLICIAMENTO ESPECIALIZADO,3 1 91 13 5,OBRIGAÇÕES PATRONAIS - OBRIGAÇÃO PATRONAL - PESSOAL ATIVO - PREVIDÊNCIA,557909,4711,FFP - MG 
2181,FCS,2 18 1 12 363 105 4 425 0001,ATIVIDADES DE ENSINO E DE EXTENSÃO DO CENTRO DE FORMAÇÃO ARTÍSTICA E TECNOLÓGICA - CEFART,3 1 91 13 5,OBRIGAÇÕES PATRONAIS - OBRIGAÇÃO PATRONAL - PESSOAL ATIVO - PREVIDÊNCIA,417992,4711,FFP - MG 
1451,SEJUSP,1 45 1 10 243 146 4 443 0001,ATENDIMENTO À SAÚDE DO ADOLESCENTE EM CONFLITO COM A LEI,3 1 91 13 5,OBRIGAÇÕES PATRONAIS - OBRIGAÇÃO PATRONAL - PESSOAL ATIVO - PREVIDÊNCIA,3547151,4711,FFP - MG 
1451,SEJUSP,1 45 1 10 243 146 4 443 0001,ATENDIMENTO À SAÚDE DO ADOLESCENTE EM CONFLITO COM A LEI,3 1 91 13 26,OBRIGAÇÕES PATRONAIS - OBRIGAÇÃO PATRONAL SUPLEMENTAR  PESSOAL ATIVO,3001767,4711,FFP - MG 
1021,TCEMG,1 02 1 01 032 746 4 445 0001,FISCALIZAÇÃO DA GESTÃO DE RECURSOS PÚBLICOS E OPERACIONALIZAÇÃO DAS ATRIBUIÇÕES INSTITUCIONAIS,3 1 91 13 5,OBRIGAÇÕES PATRONAIS - OBRIGAÇÃO PATRONAL - PESSOAL ATIVO - PREVIDÊNCIA,98550188,4711,FFP - MG 
1091,PGJ,1 09 1 03 062 703 4 493 0001,OPERACIONALIZAÇÃO DAS ATRIBUIÇÕES INSTITUCIONAIS DO MINISTÉRIO PÚBLICO - PROCURADORIA E PROMOTORIA DE JUSTIÇA,3 1 91 13 5,OBRIGAÇÕES PATRONAIS - OBRIGAÇÃO PATRONAL - PESSOAL ATIVO - PREVIDÊNCIA,223650000,4711,FFP - MG 
2421,IDENE,2 42 1 20 608 124 4 516 0001,APOIO À MECANIZAÇÃO DA PRODUÇÃO AGRÍCOLA,3 1 91 13 5,OBRIGAÇÕES PATRONAIS - OBRIGAÇÃO PATRONAL - PESSOAL ATIVO - PREVIDÊNCIA,230345,4711,FFP - MG 
2421,IDENE,2 42 1 20 608 124 4 516 0001,APOIO À MECANIZAÇÃO DA PRODUÇÃO AGRÍCOLA,3 1 91 13 26,OBRIGAÇÕES PATRONAIS - OBRIGAÇÃO PATRONAL SUPLEMENTAR  PESSOAL ATIVO,210590,4711,FFP - MG 
1031,TJMG,1 03 1 09 272 705 7 006 0001,PROVENTOS DE INATIVOS CIVIS E PENSIONISTAS,3 1 91 13 8,OBRIGAÇÕES PATRONAIS - OBRIGAÇÃO PATRONAL - PENSIONISTAS - PREVIDÊNCIA,2350000,4711,FFP - MG 
1031,TJMG,1 03 1 09 272 705 7 006 0001,PROVENTOS DE INATIVOS CIVIS E PENSIONISTAS,3 1 91 13 6,OBRIGAÇÕES PATRONAIS - OBRIGAÇÃO PATRONAL - PESSOAL INATIVO - PREVIDÊNCIA,9813932,4711,FFP - MG 
1401,CBMMG,1 40 1 10 302 052 2 021 0001,"ASSISTÊNCIA MÉDICA, ODONTOLÓGICA, PSICOLÓGICA E FISIOTERÁPICA AOS BOMBEIROS MILITARES E SEUS DEPENDENTES",3 1 91 13 5,OBRIGAÇÕES PATRONAIS - OBRIGAÇÃO PATRONAL - PESSOAL ATIVO - PREVIDÊNCIA,1243849,9901,RGE
1401,CBMMG,1 40 1 06 182 052 4 114 0001,"GESTÃO DA PREVENÇÃO, MITIGAÇÃO E PREPARAÇÃO DE DESASTRE",3 1 91 13 5,OBRIGAÇÕES PATRONAIS - OBRIGAÇÃO PATRONAL - PESSOAL ATIVO - PREVIDÊNCIA,14233650,9901,RGE
1401,CBMMG,1 40 1 06 182 052 4 115 0001,GESTÃO DA RESPOSTA A DESASTRES,3 1 91 13 5,OBRIGAÇÕES PATRONAIS - OBRIGAÇÃO PATRONAL - PESSOAL ATIVO - PREVIDÊNCIA,22238109,9901,RGE
1401,CBMMG,1 40 1 06 128 052 4 119 0001,"RECRUTAMENTO, TREINAMENTO E FORMAÇÃO DE BOMBEIROS",3 1 91 13 5,OBRIGAÇÕES PATRONAIS - OBRIGAÇÃO PATRONAL - PESSOAL ATIVO - PREVIDÊNCIA,1808681,9901,RGE
1251,PMMG,1 25 1 06 181 137 4 365 0001,POLICIAMENTO OSTENSIVO GERAL,3 1 91 13 21,OBRIGAÇÕES PATRONAIS - OBRIGAÇÃO PATRONAL - PESSOAL ATIVO - ASSISTÊNCIA À SAÚDE,207324714,9901,RGE
1401,CBMMG,1 40 1 06 272 705 7 007 0001,PROVENTOS DE INATIVOS MILITARES,3 1 91 13 6,OBRIGAÇÕES PATRONAIS - OBRIGAÇÃO PATRONAL - PESSOAL INATIVO - PREVIDÊNCIA,33059043,9901,RGE
1251,PMMG,1 25 1 06 272 705 7 007 0001,PROVENTOS DE INATIVOS MILITARES,3 1 91 13 22,OBRIGAÇÕES PATRONAIS - OBRIGAÇÃO PATRONAL - PESSOAL INATIVO - ASSISTÊNCIA À SAÚDE,368577270,9901,RGE
1401,CBMMG,1 40 1 06 122 705 7 010 0001,BENEFÍCIOS ASSISTENCIAIS,3 1 91 13 8,OBRIGAÇÕES PATRONAIS - OBRIGAÇÃO PATRONAL - PENSIONISTAS - PREVIDÊNCIA,2000,9901,RGE
